JobNo,JobStatus,CreateBy,CreateDate,CreateTime,CustomerAddress,CustomerID,CustomerName,DeliveryAddress,DeliveryCheckIn,DeliveryCheckInLatlLng,DeliveryCheckOut,DeliveryCheckOutInLatlLng,DeliveryDate,DeliveryDelayDay,DeliveryDelayTime,DeliveryDueDate,DeliveryDueTime,DeliveryID,DeliveryLattitude,DeliveryLongitude,DeliveryName,DeliveryQR,DeliveryTime,Document,FullName,HHID,MilestoneCheckIn,MilestonePODCompleted,MilestoneTruckArrival,MilestoneTruckOut,MilestoneUnloadComplete,ReceiveAddress,ReceiveCheckIn,ReceiveCheckInLatlLng,ReceiveCheckOut,ReceiveCheckOutInLatlLng,ReceiveDate,ReceiveDueDate,ReceiveDueTime,ReceiveID,ReceiveLatitude,ReceiveLongitude,ReceiveName,ReceiveQR,ReceiveTime,เลขที่ใบสั่งขาย,ref10,ref11,ref12,พนักงานขาย,การรับประกัน,การคิดค่าใช้จ่าย,ref5,ref6,ref7,ref8,ref9,RejectReasonName,rsignimg,dsignimg,rmanimg,dmanimg,ShortName,Sum (Delivery QTY),Sum (Item),Sum (Expect QTY),Sum (Receive QTY),Sum (Weight),UserName
"FPJ-25-11-12-0001(14)","OPEN","Apichaya ", 27/04/2026 ,"08:42:04","เลขที่ 667/14  ซอยพหลโยธิน 58 แยก 95    แขวงสายไหม เขตสายไหม กรุงเทพมหานคร 10220","ส-00000058","บริษัท สามสิบเจ็ด จำกัด","QCXF+CFG แขวงฉิมพลี เขตตลิ่งชัน กรุงเทพมหานคร 10170 ไทย",,,,,,"71","16:07:47", 08/04/2026 ,"17:00:00","P00008129",,,"บริษัท สามสิบเจ็ด จำกัด โครงการอาคารศาลแขวงตลิ่งชัน16 บัลลังก์ 1หลังและอาคารจอดรถ",,"","Deliver","","000000000000001",,,,,,"999 ถนน นวมินทร์ แขวง คลองกุ่ม เขต บึงกุ่ม กรุงเทพมหานคร 10240 ประเทศไทย",,,,,, 07/04/2026 ,"08:00:00","P00005502",,,"แผนก EF-SERVICE",,"","JOB-FNS-2025-0045","","","","EN-YSK","2 ปี","4,800,000.00 บาท","","","","","","",,,,,"Delete","0","1","1","0","0",""
"EPF-26-04-27-0002(8)","OPEN","Benjamas ", 27/04/2026 ,"16:33:28","เลขที่ 101 หมู่ที่ 1  นิคมอุตสาหกรรมไฮเทค  ถ.สายเอเซีย กม.ที่ 59-60  ต.บ้านเลน อ.บางปะอิน จ.พระนครศรีอยุธยา 13160","ฟ-00000182","บริษัท ฟูจิเซโกะ (ไทยแลนด์) จำกัด","เลขที่ 101 หมู่ที่ 1  นิคมอุตสาหกรรมไฮเทค  ถ.สายเอเซีย กม.ที่ 59-60  ต.บ้านเลน อ.บางปะอิน จ.พระนครศรีอยุธยา 13160",,,,,,"51","12:07:47", 28/04/2026 ,"21:00:00","ฟ-00000182",,,"บริษัท ฟูจิเซโกะ (ไทยแลนด์) จำกัด",,"","Deliver","","000000000000001",,,,,,"ป้ายรถประจำทาง หมู่บ้านสินธานี แขวง นวมินทร์ เขต บึงกุ่ม กรุงเทพมหานคร 10240 ประเทศไทย",,,,,, 28/04/2026 ,"08:00:00","P00000020",,,"ห้องช่าง EE/S ตึกขาว",,"","JOB-EPM-2026-0167","","","","WRR","","","","","","","","",,,,,"Delete","0","1","1","0","0",""
"FPJ-26-03-28-0001(3)","OPEN","Apichaya ", 28/04/2026 ,"08:36:12","","C00001078","บจก.ไทยเซ็มคอน (ท-00000012)","209 Moo 1, Romklao 1 Road Klong Song Tonnun ถ. พัฒนาชนบท 4 แขวงคลองสองต้นนุ่น เขตลาดกระบัง กรุงเทพมหานคร 10520 ไทย",,,,,,"49","16:07:47", 30/04/2026 ,"17:00:00","P00008410",,,"บจก. ฮอนด้า อาร์แอนด์ดี เซ้าท์อีสท์ เอเซีย",,"","Deliver","","000000000000001",,,,,,"999 ถนน นวมินทร์ แขวง คลองกุ่ม เขต บึงกุ่ม กรุงเทพมหานคร 10240 ประเทศไทย",,,,,, 29/03/2026 ,"08:00:00","P00005502",,,"แผนก EF-SERVICE",,"","JOB-FNS-2026-0011","","","","ee-try","1","300,0000","","","","","","",,,,,"Delete","0","1","5","0","0",""
"FPJ-25-11-12-0001(15)","OPEN","Apichaya ", 30/04/2026 ,"08:32:43","เลขที่ 667/14  ซอยพหลโยธิน 58 แยก 95    แขวงสายไหม เขตสายไหม กรุงเทพมหานคร 10220","ส-00000058","บริษัท สามสิบเจ็ด จำกัด","QCXF+CFG แขวงฉิมพลี เขตตลิ่งชัน กรุงเทพมหานคร 10170 ไทย",,,,,,"56","16:07:47", 23/04/2026 ,"17:00:00","P00008129",,,"บริษัท สามสิบเจ็ด จำกัด โครงการอาคารศาลแขวงตลิ่งชัน16 บัลลังก์ 1หลังและอาคารจอดรถ",,"","Deliver","","000000000000001",,,,,,"999 ถนน นวมินทร์ แขวง คลองกุ่ม เขต บึงกุ่ม กรุงเทพมหานคร 10240 ประเทศไทย",,,,,, 23/04/2026 ,"08:00:00","P00005502",,,"แผนก EF-SERVICE",,"","JOB-FNS-2025-0045","","","","EN-YSK","2 ปี","4,800,000.00 บาท","","","","","","",,,,,"Delete","0","1","1","0","0",""
"WA-26-05-0011","OPEN","Nuttikarn ", 08/05/2026 ,"13:12:21","22/224 หมู่ 4  แขวงสะพานสูง เขตสะพานสูง กรุงเทพฯ 10240","พ-00000695","บริษัท โพรล็อก กรุ๊ป จำกัด","38/5 (Warehouse No. J4, J5 and J5/1), Moo 18, ตำบล บึงคำพร้อย อำเภอลำลูกกา ปทุมธานี 12150 ไทย",,,,,,"27","18:57:47", 22/05/2026 ,"14:10:00","P00007233",,,"คลังสินค้า บริษัท สยามซินดิเคทเทคโนโลยี จำกัด (มหาชน).",,"","Deliver","","0657291626",,,,,,"999 หมู่ 6 ถนนนวมินทร์ แขวง คลองกุ่ม เขต บึงกุ่ม กรุงเทพมหานคร 10240 ประเทศไทย",,,,,, 08/05/2026 ,"14:10:00","P00000012",,,"แผนก WT อาคาร SST",,"","SAO-WTDOR-2026-0189","","","","KNK","","","","","","","","",,,,,"WT-สุกฤษฎิ์ สิรินันทจิตร์","0","1","4","0","0",""
"FSP-26-05-12-0001(5)","OPEN","Apichaya ", 13/05/2026 ,"09:46:44","เลขที่ 999 ถนนสามเสน  แขวงถนนนครไชยศรี  เขตดุสิต  กทม.","บ-00000091","บริษัท บุญรอดบริวเวอรี่ จำกัด","เลขที่ 999 ถนนสามเสน  แขวงถนนนครไชยศรี  เขตดุสิต  กทม.",,,,,,"36","16:07:47", 13/05/2026 ,"17:00:00","บ-00000091",,,"บริษัท บุญรอดบริวเวอรี่ จำกัด",,"","Deliver","","000000000000001",,,,,,"999 ถนน นวมินทร์ แขวง คลองกุ่ม เขต บึงกุ่ม กรุงเทพมหานคร 10240 ประเทศไทย",,,,,, 13/05/2026 ,"08:00:00","P00005502",,,"แผนก EF-SERVICE",,"","บริษัท บุญรอดบริวเวอรี่ จำกัด","","","","ANO","","คิดค่าใช้จ่ายจากลูกค้า","","","","","","",,,,,"Delete","0","1","1","0","0",""
"FSO-26-05-14-0001","OPEN","Nichapat ", 14/05/2026 ,"16:42:02","1431-1431/1  หมู่ 2  ซ.สุขุมวิท 107  ถ.สุขุมวิท  ต.สำโรงเหนือ อ.เมืองสมุทรปราการ จ.สมุทรปราการ 10270","ซ-00000243","บริษัท เซ็กโก้ เอ็นจิเนียริ่ง แอนด์ คอนสตรัคชั่น จำกัด","1431-1431/1 Moo2 Soi Sukhumvit 107, Sukhumvit Rd. Samrong Nua, Samutprakarn, อำเภอเมืองสมุทรปราการ สมุทรปราการ 10270 ประเทศไทย",,,,,,"33","15:38:47", 16/05/2026 ,"17:29:00","P00008492",,,"บริษัท เซ็กโก้ เอ็นจิเนียริ่ง แอนด์ คอนสตรัคชั่น",,"","Deliver","","000000000000000",,,,,,"999 ถนน นวมินทร์ แขวง คลองกุ่ม เขต บึงกุ่ม กรุงเทพมหานคร 10240 ประเทศไทย",,,,,, 16/05/2026 ,"08:00:00","P00005502",,,"แผนก EF-SERVICE",,"","ใบเสนอราคา JOQ-FNS-2026-121","","","","EE-TRY","-","-","","","","","","",,,,,"Draft","0","1","1","0","0",""
"WA-26-05-0022","OPEN","Nuttikarn ", 19/05/2026 ,"13:15:33","","C00001368","บริษัท สมิทธิ์เทค จำกัด (1ส-000032-00000)","38/5 (Warehouse No. J4, J5 and J5/1), Moo 18, ตำบล บึงคำพร้อย อำเภอลำลูกกา ปทุมธานี 12150 ไทย",,,,,,"30","18:53:47", 19/05/2026 ,"14:14:00","P00007233",,,"คลังสินค้า บริษัท สยามซินดิเคทเทคโนโลยี จำกัด (มหาชน).",,"","Deliver","","0657291626",,,,,,"999 หมู่ 6 ถนนนวมินทร์ แขวง คลองกุ่ม เขต บึงกุ่ม กรุงเทพมหานคร 10240 ประเทศไทย",,,,,, 19/05/2026 ,"14:14:00","P00000012",,,"แผนก WT อาคาร SST",,"","SAO-WTDOR-2026-0201","","","","PSK","","","","","","","","",,,,,"WT-สุกฤษฎิ์ สิรินันทจิตร์","0","1","1","0","0",""
"WA-26-05-0023","OPEN","Nuttikarn ", 19/05/2026 ,"13:46:19","599/294  หมู่บ้านกลางกรุง-รัชวิภา ถนน รัชดาภิเษก แขวงจตุจักร เขตจตุจักร กรุงเทพฯ 10900","ร-00000172","บริษัท รีวอลูชั่น เอ็นเตอร์ไพร์ซ จำกัด","38/5 (Warehouse No. J4, J5 and J5/1), Moo 18, ตำบล บึงคำพร้อย อำเภอลำลูกกา ปทุมธานี 12150 ไทย",,,,,,"30","18:23:47", 19/05/2026 ,"14:44:00","P00007233",,,"คลังสินค้า บริษัท สยามซินดิเคทเทคโนโลยี จำกัด (มหาชน).",,"","Deliver","","0657291626",,,,,,"999 หมู่ 6 ถนนนวมินทร์ แขวง คลองกุ่ม เขต บึงกุ่ม กรุงเทพมหานคร 10240 ประเทศไทย",,,,,, 19/05/2026 ,"14:44:00","P00000012",,,"แผนก WT อาคาร SST",,"","SAO-WTDOR-2026-0154","","","","PSK","","","","","","","","",,,,,"WT-สุกฤษฎิ์ สิรินันทจิตร์","0","1","1","0","0",""
"WA-26-05-0025","OPEN","Nuttikarn ", 20/05/2026 ,"13:56:49","","C00000111","บริษัท ไอคอน เอนเตอร์ไพรส์ จำกัด (อ-00001795)","38/5 (Warehouse No. J4, J5 and J5/1), Moo 18, ตำบล บึงคำพร้อย อำเภอลำลูกกา ปทุมธานี 12150 ไทย",,,,,,"29","18:13:47", 20/05/2026 ,"14:54:00","P00007233",,,"คลังสินค้า บริษัท สยามซินดิเคทเทคโนโลยี จำกัด (มหาชน).",,"","Deliver","","0657291626",,,,,,"999 หมู่ 6 ถนนนวมินทร์ แขวง คลองกุ่ม เขต บึงกุ่ม กรุงเทพมหานคร 10240 ประเทศไทย",,,,,, 20/05/2026 ,"14:54:00","P00000012",,,"แผนก WT อาคาร SST",,"","SAO-WTDOR-2026-0151","","","","PSK","","","","","","","","",,,,,"WT-สุกฤษฎิ์ สิรินันทจิตร์","0","1","2","0","0",""
"EPF-26-04-07-0003(315)","OPEN","Sunisa Autka", 20/05/2026 ,"15:20:19","","C00002087","บริษัท ไทยฮอนด้า จำกัด - โรงงาน 2W","410 ถ. เลียบคลองลำกอไผ่ แขวงลำปลาทิว เขตลาดกระบัง กรุงเทพมหานคร 10520 ไทย",,,,,,"27","12:07:47", 22/05/2026 ,"21:00:00","P00006436",,,"บริษัท ไทยฮอนด้า จำกัด - โรงงาน 2W",,"","Deliver","","000000000000000",,,,,,"ป้ายรถประจำทาง หมู่บ้านสินธานี แขวง นวมินทร์ เขต บึงกุ่ม กรุงเทพมหานคร 10240 ประเทศไทย",,,,,, 22/05/2026 ,"08:00:00","P00000020",,,"ห้องช่าง EE/S ตึกขาว",,"","JOQ-EPM-2026-0027","","","","WRR","","","","","","","","",,,,,"Draft","0","1","1","0","0",""
"WA-26-05-0029","OPEN","Nuttikarn ", 25/05/2026 ,"10:47:10","","C00000981","บริษัท วี เอ เอส ซัพพลาย จำกัด","38/5 (Warehouse No. J4, J5 and J5/1), Moo 18, ตำบล บึงคำพร้อย อำเภอลำลูกกา ปทุมธานี 12150 ไทย",,,,,,"24","21:35:47", 25/05/2026 ,"11:32:00","P00007233",,,"คลังสินค้า บริษัท สยามซินดิเคทเทคโนโลยี จำกัด (มหาชน).",,"","Deliver","","0657291626",,,,,,"999 หมู่ 6 ถนนนวมินทร์ แขวง คลองกุ่ม เขต บึงกุ่ม กรุงเทพมหานคร 10240 ประเทศไทย",,,,,, 25/05/2026 ,"11:32:00","P00000012",,,"แผนก WT อาคาร SST",,"","JOB-WTDOR-2025-0026","","","","PSK","","","","","","","","",,,,,"WT-สุกฤษฎิ์ สิรินันทจิตร์","0","3","4","0","0",""
"WA-26-05-0034","OPEN","Nuttikarn ", 26/05/2026 ,"16:49:24","19/29-30  หมู่ 13  ซอย นวมินทร์ 50  ถ.นวมินทร์  แขวงคลองกุ่ม เขตบึงกุ่ม กทม. 10240","ย-00000065","บริษัท ยู เอช พี จำกัด","38/5 (Warehouse No. J4, J5 and J5/1), Moo 18, ตำบล บึงคำพร้อย อำเภอลำลูกกา ปทุมธานี 12150 ไทย",,,,,,"22","23:07:47", 27/05/2026 ,"10:00:00","P00007233",,,"คลังสินค้า บริษัท สยามซินดิเคทเทคโนโลยี จำกัด (มหาชน).",,"","Deliver","","0657291626",,,,,,"999 หมู่ 6 ถนนนวมินทร์ แขวง คลองกุ่ม เขต บึงกุ่ม กรุงเทพมหานคร 10240 ประเทศไทย",,,,,, 27/05/2026 ,"08:00:00","P00000012",,,"แผนก WT อาคาร SST",,"","SAO-WTDOR-2026-0219","","","","PSK","","","","","","","","",,,,,"WT-สุกฤษฎิ์ สิรินันทจิตร์","0","1","2","0","0",""
"EPF-26-04-07-0003(355)","OPEN","Sunisa Autka", 27/05/2026 ,"10:12:24","","C00002087","บริษัท ไทยฮอนด้า จำกัด - โรงงาน 2W","410 ถ. เลียบคลองลำกอไผ่ แขวงลำปลาทิว เขตลาดกระบัง กรุงเทพมหานคร 10520 ไทย",,,,,,"19","12:07:47", 30/05/2026 ,"21:00:00","P00006436",,,"บริษัท ไทยฮอนด้า จำกัด - โรงงาน 2W",,"","Deliver","","000000000000000",,,,,,"ป้ายรถประจำทาง หมู่บ้านสินธานี แขวง นวมินทร์ เขต บึงกุ่ม กรุงเทพมหานคร 10240 ประเทศไทย",,,,,, 30/05/2026 ,"08:00:00","P00000020",,,"ห้องช่าง EE/S ตึกขาว",,"","JOQ-EPM-2026-0027","","","","WRR","","","","","","","","",,,,,"Draft","0","1","1","0","0",""
"FPJ-26-02-23-0001(22)","OPEN","sirirak ", 02/06/2026 ,"08:03:48","เลขที่ 121/105  อาคารอาร์เอส ทาวเวอร์ ชั้นที่ 39   ถ.รัชดาภิเษก   แขวงดินแดง เขตดินแดง กรุงเทพฯ 10400","ม-00000232-1","บริษัท แมคทริค จำกัด (มหาชน)","หมู่ที่ 3 99 ตำบล คลองหลา อำเภอ คลองหอยโข่ง สงขลา 90115 ไทย",,,,,,"0","00:00:00", 24/06/2026 ,"17:00:00","P00008339",,,"AIS Singkorn",,"","Deliver","","0800610058",,,,,,"999 ถนน นวมินทร์ แขวง คลองกุ่ม เขต บึงกุ่ม กรุงเทพมหานคร 10240 ประเทศไทย",,,,,, 17/06/2026 ,"08:00:00","P00005502",,,"แผนก EF-SERVICE",,"","JOQ-FNS-2026-010 ","","","","YSK","3 ปี เข้า PM 4 ครั้ง/ปี ทั้งหมด 12 ครั้ง","38,000,000","","","","","","",,,,,"EF/PM ศรุต วุฒิยา","0","4","4","0","0",""
"WA-26-06-0003","OPEN","Nuttikarn ", 02/06/2026 ,"13:24:03","","C00000951","บริษัท ไฮโดร วอเตอร์ ซัพพลาย จำกัด","38/5 (Warehouse No. J4, J5 and J5/1), Moo 18, ตำบล บึงคำพร้อย อำเภอลำลูกกา ปทุมธานี 12150 ไทย",,,,,,"16","18:45:47", 02/06/2026 ,"14:22:00","P00007233",,,"คลังสินค้า บริษัท สยามซินดิเคทเทคโนโลยี จำกัด (มหาชน).",,"","Deliver","","0657291626",,,,,,"999 หมู่ 6 ถนนนวมินทร์ แขวง คลองกุ่ม เขต บึงกุ่ม กรุงเทพมหานคร 10240 ประเทศไทย",,,,,, 02/06/2026 ,"14:22:00","P00000012",,,"แผนก WT อาคาร SST",,"","SAO-WTDOR-2026-0227","","","","PSK","","","","","","","","",,,,,"WT-สุกฤษฎิ์ สิรินันทจิตร์","0","1","1","0","0",""
"WA-26-06-0004","OPEN","Nuttikarn ", 02/06/2026 ,"14:33:54","557/2  หมู่ 10  ถ.ประชาอุทิศ  ต.ในคลองบางปลากด อ.พระสมุทรเจดีย์ จ.สมุทรปราการ 10290","พ-00000609","บริษัท เพอร์เฟค กรุ๊ป (ประเทศไทย) จำกัด","38/5 (Warehouse No. J4, J5 and J5/1), Moo 18, ตำบล บึงคำพร้อย อำเภอลำลูกกา ปทุมธานี 12150 ไทย",,,,,,"14","17:35:47", 04/06/2026 ,"15:32:00","P00007233",,,"คลังสินค้า บริษัท สยามซินดิเคทเทคโนโลยี จำกัด (มหาชน).",,"","Deliver","","0657291626",,,,,,"999 หมู่ 6 ถนนนวมินทร์ แขวง คลองกุ่ม เขต บึงกุ่ม กรุงเทพมหานคร 10240 ประเทศไทย",,,,,, 04/06/2026 ,"15:32:00","P00000012",,,"แผนก WT อาคาร SST",,"","SAO-WTDOR-2026-0228","","","","PSK","","","","","","","","",,,,,"WT-สุกฤษฎิ์ สิรินันทจิตร์","0","1","1","0","0",""
"WA-26-06-0005","OPEN","Nuttikarn ", 04/06/2026 ,"11:07:04","20/1  ซอยรามคำแหง 16 แยก 2 ถนนรามคำแหง แขวงหัวหมาก เขตบางกะปิ กรุงเทพฯ 10240","ซ-00000293","ห้างหุ้นส่วนจำกัด ซี.เอ็ม.พี.ซัพพลาย","38/5 (Warehouse No. J4, J5 and J5/1), Moo 18, ตำบล บึงคำพร้อย อำเภอลำลูกกา ปทุมธานี 12150 ไทย",,,,,,"14","21:02:47", 04/06/2026 ,"12:05:00","P00007233",,,"คลังสินค้า บริษัท สยามซินดิเคทเทคโนโลยี จำกัด (มหาชน).",,"","Deliver","","0657291626",,,,,,"999 หมู่ 6 ถนนนวมินทร์ แขวง คลองกุ่ม เขต บึงกุ่ม กรุงเทพมหานคร 10240 ประเทศไทย",,,,,, 04/06/2026 ,"12:05:00","P00000012",,,"แผนก WT อาคาร SST",,"","SAO-WTDOR-2026-0230","","","","PSK","","","","","","","","",,,,,"WT-สุกฤษฎิ์ สิรินันทจิตร์","0","1","1","0","0",""
"WA-26-06-0006","OPEN","Nuttikarn ", 04/06/2026 ,"14:43:41","เลขที่ 252 อาคารเอสพีอี ทาวเวอร์ ชั้น 15 ถนนพหลโยธิน แขวงสามเสนใน เขตพญาไทย กรุงเทพมหานคร 10400","ท-00000012","บริษัท ไทยเซ็มคอน จำกัด","38/5 (Warehouse No. J4, J5 and J5/1), Moo 18, ตำบล บึงคำพร้อย อำเภอลำลูกกา ปทุมธานี 12150 ไทย",,,,,,"14","17:25:47", 04/06/2026 ,"15:42:00","P00007233",,,"คลังสินค้า บริษัท สยามซินดิเคทเทคโนโลยี จำกัด (มหาชน).",,"","Deliver","","0657291626",,,,,,"999 หมู่ 6 ถนนนวมินทร์ แขวง คลองกุ่ม เขต บึงกุ่ม กรุงเทพมหานคร 10240 ประเทศไทย",,,,,, 04/06/2026 ,"15:42:00","P00000012",,,"แผนก WT อาคาร SST",,"","SAO-WTDOR-2026-0224","","","","PSK","","","","","","","","",,,,,"WT-สุกฤษฎิ์ สิรินันทจิตร์","0","1","1","0","0",""
"FPJ-26-06-04-0001","RECEIVED","Benjamas ", 04/06/2026 ,"15:46:20","9  ถ.นิมิตใหม่  แขวงมีนบุรี เขตมีนบุรี กรุงเทพมหานคร 10510","อ-00001296","บริษัท อาหารยอดคุณ จำกัด","9  ถ.นิมิตใหม่  แขวงมีนบุรี เขตมีนบุรี กรุงเทพมหานคร 10510",,,,,,"3","16:07:47", 15/06/2026 ,"17:00:00","อ-00001296",,,"บริษัท อาหารยอดคุณ จำกัด",,"","Deliver","","0655177823",,,,,,"ป้ายรถประจำทาง หมู่บ้านสินธานี แขวง นวมินทร์ เขต บึงกุ่ม กรุงเทพมหานคร 10240 ประเทศไทย", 15/06/2026 10:03:53 ,"13.7098982,100.6559667", 15/06/2026 10:04:46 ,"13.7100019,100.6559899", 15/06/2026 , 15/06/2026 ,"08:00:00","P00000020","13.70989820","100.65596670","ห้องช่าง EE/S ตึกขาว",,"10:03:57","สำรวจหน้างาน","","","","CCR","","","","","","","","","Sign-R-FPJ-26-06-04-0001-0epy3.jpg",,,,"EF สินทรัพย์ ไตรสถาพรชัย","0","1","1","1","0",""
"WA-26-06-0008","OPEN","Nuttikarn ", 04/06/2026 ,"16:08:56","","C00001173","บริษัท แอลเอ็นเค ซิสเต็ม จำกัด","38/5 (Warehouse No. J4, J5 and J5/1), Moo 18, ตำบล บึงคำพร้อย อำเภอลำลูกกา ปทุมธานี 12150 ไทย",,,,,,"14","00:07:47", 05/06/2026 ,"09:00:00","P00007233",,,"คลังสินค้า บริษัท สยามซินดิเคทเทคโนโลยี จำกัด (มหาชน).",,"","Deliver","","0657291626",,,,,,"999 หมู่ 6 ถนนนวมินทร์ แขวง คลองกุ่ม เขต บึงกุ่ม กรุงเทพมหานคร 10240 ประเทศไทย",,,,,, 05/06/2026 ,"08:00:00","P00000012",,,"แผนก WT อาคาร SST",,"","SAO-WTDOR-2026-0231","","","","PSK","","","","","","","","",,,,,"WT-สุกฤษฎิ์ สิรินันทจิตร์","0","1","1","0","0",""
"WA-26-06-0011","OPEN","Nuttikarn ", 05/06/2026 ,"14:22:35","","C00001065","บจก.วงษ์สยามก่อสร้าง (ว-00000026)","38/5 (Warehouse No. J4, J5 and J5/1), Moo 18, ตำบล บึงคำพร้อย อำเภอลำลูกกา ปทุมธานี 12150 ไทย",,,,,,"13","17:48:47", 05/06/2026 ,"15:19:00","P00007233",,,"คลังสินค้า บริษัท สยามซินดิเคทเทคโนโลยี จำกัด (มหาชน).",,"","Deliver","","0657291626",,,,,,"999 หมู่ 6 ถนนนวมินทร์ แขวง คลองกุ่ม เขต บึงกุ่ม กรุงเทพมหานคร 10240 ประเทศไทย",,,,,, 05/06/2026 ,"15:19:00","P00000012",,,"แผนก WT อาคาร SST",,"","SAO-WTDOR-2025-0215","","","","PSK","","","","","","","","",,,,,"WT-สุกฤษฎิ์ สิรินันทจิตร์","0","1","1","0","0",""
"FSP-26-06-05-0001(2)","OPEN","Apichaya ", 05/06/2026 ,"18:09:52","","C00001505","บริษัท ตรีเพชรไอทีโซลูชั่นส์ จำกัด","16th Floor, Tri Petch Isuzu Sales Building 1088 ถนน วิภาวดีรังสิต เขตจตุจักร กรุงเทพมหานคร 10900 ไทย",,,,,,"12","16:07:47", 06/06/2026 ,"17:00:00","P00004864",,,"บริษัท ตรีเพชรไอทีโซลูชั่นส์ จำกัด",,"","Deliver","","000000000000001",,,,,,"999 ถนน นวมินทร์ แขวง คลองกุ่ม เขต บึงกุ่ม กรุงเทพมหานคร 10240 ประเทศไทย",,,,,, 06/06/2026 ,"08:00:00","P00005502",,,"แผนก EF-SERVICE",,"","JOB-EPM-2026-0252","","","","ANO","","คิดค่าใช้จ่ายจากลูกค้า","","","","","","",,,,,"Delete","0","1","1","0","0",""
"WA-26-06-0012","OPEN","Nuttikarn ", 08/06/2026 ,"10:23:57","72 ซ.ลาดพร้าว 87 ถ.ลาดพร้าว  แขวงคลองเจ้าคุณสิงห์ เขตวังทองหลาง กรุงเทพฯ 10310","ม-00000022","บริษัท มหาธนุ จำกัด","38/5 (Warehouse No. J4, J5 and J5/1), Moo 18, ตำบล บึงคำพร้อย อำเภอลำลูกกา ปทุมธานี 12150 ไทย",,,,,,"7","21:54:47", 11/06/2026 ,"11:13:00","P00007233",,,"คลังสินค้า บริษัท สยามซินดิเคทเทคโนโลยี จำกัด (มหาชน).",,"","Deliver","","0657291626",,,,,,"999 หมู่ 6 ถนนนวมินทร์ แขวง คลองกุ่ม เขต บึงกุ่ม กรุงเทพมหานคร 10240 ประเทศไทย",,,,,, 08/06/2026 ,"11:13:00","P00000012",,,"แผนก WT อาคาร SST",,"","JOB-WTDOR-2025-0025","","","","PSK","","","","","","","","",,,,,"WT-สุกฤษฎิ์ สิรินันทจิตร์","0","1","2","0","0",""
"AEE-26-06-0012","RECEIVED","Apinya ", 08/06/2026 ,"16:21:41","","C00002483","คุณเฉลิมชาติ พรหมดำ","ป้ายรถประจำทาง หมู่บ้านสินธานี แขวง นวมินทร์ เขต บึงกุ่ม กรุงเทพมหานคร 10240 ประเทศไทย",,,,,,"0","00:00:00", 26/06/2026 ,"17:17:00","P00000020",,,"ห้องช่าง EE/S ตึกขาว",,"","Deliver","","0655177820",,,,,,"999 หมู่ 6 ถ.นวมินทร์  แขวง คลองกุ่ม เขต บึงกุ่ม กรุงเทพมหานคร 10240 ประเทศไทย", 16/06/2026 08:59:01 ,"13.7996051,100.649566", 16/06/2026 08:59:49 ,"13.7996038,100.6495638", 16/06/2026 , 09/06/2026 ,"17:17:00","P00000013","13.79960510","100.64956600","แผนก EE/E อาคาร SST",,"08:59:16","SPARE","","","","CLP","","","","","","","","","Sign-R-AEE-26-06-0012-t4j2d.jpg",,,,"EE/SV - ปิยวัฒน์  สีสุกสด","0","1","5","5","0",""
"WA-26-06-0013","OPEN","Nuttikarn ", 08/06/2026 ,"16:24:21","","C00001173","บริษัท แอลเอ็นเค ซิสเต็ม จำกัด","38/5 (Warehouse No. J4, J5 and J5/1), Moo 18, ตำบล บึงคำพร้อย อำเภอลำลูกกา ปทุมธานี 12150 ไทย",,,,,,"9","22:07:47", 09/06/2026 ,"11:00:00","P00007233",,,"คลังสินค้า บริษัท สยามซินดิเคทเทคโนโลยี จำกัด (มหาชน).",,"","Deliver","","0610239733",,,,,,"999 หมู่ 6 ถนนนวมินทร์ แขวง คลองกุ่ม เขต บึงกุ่ม กรุงเทพมหานคร 10240 ประเทศไทย",,,,,, 09/06/2026 ,"10:00:00","P00000012",,,"แผนก WT อาคาร SST",,"","SAO-WTDOR-2026-0235","","","","PSK","","","","","","","","",,,,,"WT-สุทิวัส แสนหลวง","0","1","1","0","0",""
"AEE-26-06-0013","RECEIVED","Apinya ", 08/06/2026 ,"16:27:38","","C00002483","คุณเฉลิมชาติ พรหมดำ","ป้ายรถประจำทาง หมู่บ้านสินธานี แขวง นวมินทร์ เขต บึงกุ่ม กรุงเทพมหานคร 10240 ประเทศไทย",,,,,,"0","00:00:00", 26/06/2026 ,"17:22:00","P00000020",,,"ห้องช่าง EE/S ตึกขาว",,"","Deliver","","0618536717",,,,,,"999 หมู่ 6 ถ.นวมินทร์  แขวง คลองกุ่ม เขต บึงกุ่ม กรุงเทพมหานคร 10240 ประเทศไทย", 16/06/2026 11:16:10 ,"13.7996675,100.6495034", 16/06/2026 11:16:47 ,"13.7996664,100.6495035", 16/06/2026 , 09/06/2026 ,"17:22:00","P00000013","13.79966740","100.64950330","แผนก EE/E อาคาร SST",,"11:16:16","SPARE","","","","CLP","","","","","","","","","Sign-R-AEE-26-06-0013-xwiw1.jpg",,,,"EE/SV พีรพล สิงหกาญจน์","0","1","5","5","0",""
"AEE-26-06-0015","RECEIVED","Apinya ", 09/06/2026 ,"10:42:18","","C00002601","บริษัท ไทคิชา (ประเทศไทย) จำกัด New Office.","ป้ายรถประจำทาง หมู่บ้านสินธานี แขวง นวมินทร์ เขต บึงกุ่ม กรุงเทพมหานคร 10240 ประเทศไทย",,,,,,"1","21:32:47", 17/06/2026 ,"11:35:00","P00000020",,,"ห้องช่าง EE/S ตึกขาว",,"","Deliver","","0618536717",,,,,,"999 หมู่ 6 ถ.นวมินทร์  แขวง คลองกุ่ม เขต บึงกุ่ม กรุงเทพมหานคร 10240 ประเทศไทย", 15/06/2026 14:57:13 ,"13.7996197,100.6495824", 15/06/2026 14:58:34 ,"13.7995902,100.6495952", 15/06/2026 , 10/06/2026 ,"11:35:00","P00000013","13.79953040","100.64954190","แผนก EE/E อาคาร SST",,"14:57:18","SAO-ESA2-2026-0290","","","","TRL","","","","","","","","","Sign-R-AEE-26-06-0015-9mt6n.jpg",,,,"EE/SV พีรพล สิงหกาญจน์","0","1","1","1","0",""
"WA-26-06-0014","OPEN","Nuttikarn ", 09/06/2026 ,"12:55:37","","C00002079","บริษัท จามจุรี วาณิช จำกัด","38/5 (Warehouse No. J4, J5 and J5/1), Moo 18, ตำบล บึงคำพร้อย อำเภอลำลูกกา ปทุมธานี 12150 ไทย",,,,,,"9","19:13:47", 09/06/2026 ,"13:54:00","P00007233",,,"คลังสินค้า บริษัท สยามซินดิเคทเทคโนโลยี จำกัด (มหาชน).",,"","Deliver","","0610239733",,,,,,"999 หมู่ 6 ถนนนวมินทร์ แขวง คลองกุ่ม เขต บึงกุ่ม กรุงเทพมหานคร 10240 ประเทศไทย",,,,,, 09/06/2026 ,"13:54:00","P00000012",,,"แผนก WT อาคาร SST",,"","SAO-WTDOR-2026-0237","","","","PSK","","","","","","","","",,,,,"WT-สุทิวัส แสนหลวง","0","1","1","0","0",""
"WA-26-06-0015","OPEN","Nuttikarn ", 10/06/2026 ,"08:16:00","เลขที่ 72/1  ซอยมิตรภาพ 19 ถนนมิตรภาพ   ต.ในเมือง อ.เมืองนครราชสีมา จ.นครราชสีมา 30000","ก-00000408","บริษัท โกลบอล เอ็นจิเนียริ่ง โปรดัก ซัพพลาย จำกัด","38/5 (Warehouse No. J4, J5 and J5/1), Moo 18, ตำบล บึงคำพร้อย อำเภอลำลูกกา ปทุมธานี 12150 ไทย",,,,,,"8","23:53:47", 10/06/2026 ,"09:14:00","P00007233",,,"คลังสินค้า บริษัท สยามซินดิเคทเทคโนโลยี จำกัด (มหาชน).",,"","Deliver","","0610239733",,,,,,"999 หมู่ 6 ถนนนวมินทร์ แขวง คลองกุ่ม เขต บึงกุ่ม กรุงเทพมหานคร 10240 ประเทศไทย",,,,,, 10/06/2026 ,"09:14:00","P00000012",,,"แผนก WT อาคาร SST",,"","SAO-WTDOR-2026-0238","","","","PSK","","","","","","","","",,,,,"WT-สุทิวัส แสนหลวง","0","1","1","0","0",""
"NC-26-06-0002","OPEN","Jidapa Changcharoen", 11/06/2026 ,"10:11:49","88 The Parq Building, 11th Fl ถ. รัชดาภิเษก Klongtoey กรุงเทพมหานคร 10110 ไทย","ด-00000493","บริษัท เดอะ ไมเนอร์ ฟู้ด กรุ๊ป จำกัด (มหาชน)","162 168/10 ถ. ประชาราษฎร์ สาย 2 แขวงบางซื่อ บางซื่อ กรุงเทพมหานคร 10800 ประเทศไทย",,,,,,"0","00:00:00", 20/06/2026 ,"22:00:00","P00008551",,,"เดอะ ไมเนอร์ SITE TSM - Gateway Bangsue",,"","Deliver","","0632072243",,,,,,"บริษัท สยามซินดิเคทเทคโนโลยี จำกัด (มหาชน) อาคาร เอส เอส ที 999 ถนนนวมินทร์ แขวงคลองกุ่ม เขตบึงกุ่ม กรุงเทพฯ 10240 (สำนักงานใหญ่)",,,,,, 19/06/2026 ,"17:00:00","P00006148",,,"แผนก NC  ตึก SST",,"","JOB-NC-2026-029","","","","NC-SRS","1 ปี","158,000 บาท","","","","","","",,,,,"EF/PM พรภิรมย์ บุญเหลือ","0","1","1","0","0",""
"WA-26-06-0016","OPEN","Nuttikarn ", 11/06/2026 ,"11:04:57","เลขที่ 71/27 ซอยวิภาวดีรังสิต 64 (มหานคร)   แขวงตลาดบางเขน เขตหลักสี่ กรุงเทพมหานคร 10210","ค-00000414","บริษัท เค.แอสโซซิเอทส์ จำกัด","38/5 (Warehouse No. J4, J5 and J5/1), Moo 18, ตำบล บึงคำพร้อย อำเภอลำลูกกา ปทุมธานี 12150 ไทย",,,,,,"7","21:04:47", 11/06/2026 ,"12:03:00","P00007233",,,"คลังสินค้า บริษัท สยามซินดิเคทเทคโนโลยี จำกัด (มหาชน).",,"","Deliver","","0657291626",,,,,,"999 หมู่ 6 ถนนนวมินทร์ แขวง คลองกุ่ม เขต บึงกุ่ม กรุงเทพมหานคร 10240 ประเทศไทย",,,,,, 11/06/2026 ,"12:03:00","P00000012",,,"แผนก WT อาคาร SST",,"","JOB-WTDOR-2026-008","","","","PSK","","","","","","","","",,,,,"WT-สุกฤษฎิ์ สิรินันทจิตร์","0","1","1","0","0",""
"FSO-26-03-23-0001(6)","OPEN","Apichaya ", 12/06/2026 ,"09:12:02","","C00002726","บริษัท บุญรอดเอเซียเบเวอเรช จำกัด","196 หมู่ 5, Phra Ngam, อำเภอพรหมบุรี สิงห์บุรี 16120 ไทย",,,,,,"6","16:07:47", 12/06/2026 ,"17:00:00","P00008395",,,"บริษัท บุญรอดเอเซียเบเวอเรช จำกัด",,"","Deliver","","000000000000000",,,,,,"999 ถนน นวมินทร์ แขวง คลองกุ่ม เขต บึงกุ่ม กรุงเทพมหานคร 10240 ประเทศไทย",,,,,, 12/06/2026 ,"08:00:00","P00005502",,,"แผนก EF-SERVICE",,"","JOQ-FNS-2025-0351","","","","EE-TRY","1 ปี","1,979,000","","","","","","",,,,,"Draft","0","1","1","0","0",""
"WA-26-06-0017","OPEN","Nuttikarn ", 12/06/2026 ,"13:54:59","333/27 หมู่ 4   ต.คลองแห อ.หาดใหญ่ จ.สงขลา 90110","ต-00000067","ห้างหุ้นส่วนจำกัด ตงการช่าง","38/5 (Warehouse No. J4, J5 and J5/1), Moo 18, ตำบล บึงคำพร้อย อำเภอลำลูกกา ปทุมธานี 12150 ไทย",,,,,,"6","18:17:47", 12/06/2026 ,"14:50:00","P00007233",,,"คลังสินค้า บริษัท สยามซินดิเคทเทคโนโลยี จำกัด (มหาชน).",,"","Deliver","","0610239733",,,,,,"999 หมู่ 6 ถนนนวมินทร์ แขวง คลองกุ่ม เขต บึงกุ่ม กรุงเทพมหานคร 10240 ประเทศไทย",,,,,, 12/06/2026 ,"14:50:00","P00000012",,,"แผนก WT อาคาร SST",,"","SAO-WTDOR-2026-0241","","","","PSK","","","","","","","","",,,,,"WT-สุทิวัส แสนหลวง","0","1","2","0","0",""
"WA-26-06-0018","OPEN","Nuttikarn ", 12/06/2026 ,"14:41:58","19/345  ถนนริมคลองบางค้อ  แขวงบางค้อ เขตจอมทอง กรุงเทพฯ 10150","ป-00000135","บริษัท โปรวินเนอร์ จำกัด","38/5 (Warehouse No. J4, J5 and J5/1), Moo 18, ตำบล บึงคำพร้อย อำเภอลำลูกกา ปทุมธานี 12150 ไทย",,,,,,"6","17:27:47", 12/06/2026 ,"15:40:00","P00007233",,,"คลังสินค้า บริษัท สยามซินดิเคทเทคโนโลยี จำกัด (มหาชน).",,"","Deliver","","0610239733",,,,,,"999 หมู่ 6 ถนนนวมินทร์ แขวง คลองกุ่ม เขต บึงกุ่ม กรุงเทพมหานคร 10240 ประเทศไทย",,,,,, 12/06/2026 ,"15:40:00","P00000012",,,"แผนก WT อาคาร SST",,"","SAO-WTDOR-2026-0236","","","","PSK","","","","","","","","",,,,,"WT-สุทิวัส แสนหลวง","0","1","1","0","0",""
"WA-26-06-0019","OPEN","Nuttikarn ", 12/06/2026 ,"15:19:57","","C00002079","บริษัท จามจุรี วาณิช จำกัด","38/5 (Warehouse No. J4, J5 and J5/1), Moo 18, ตำบล บึงคำพร้อย อำเภอลำลูกกา ปทุมธานี 12150 ไทย",,,,,,"6","16:49:47", 12/06/2026 ,"16:18:00","P00007233",,,"คลังสินค้า บริษัท สยามซินดิเคทเทคโนโลยี จำกัด (มหาชน).",,"","Deliver","","0610239733",,,,,,"999 หมู่ 6 ถนนนวมินทร์ แขวง คลองกุ่ม เขต บึงกุ่ม กรุงเทพมหานคร 10240 ประเทศไทย",,,,,, 12/06/2026 ,"16:18:00","P00000012",,,"แผนก WT อาคาร SST",,"","SAO-WTDOR-2026-0063","","","","PSK","","","","","","","","",,,,,"WT-สุทิวัส แสนหลวง","0","1","1","0","0",""
"WA-26-06-0020","OPEN","Nuttikarn ", 12/06/2026 ,"15:52:00","115  ซ.บางแวก 142  แขวงบางไผ่ เขตบางแค กรุงเทพมหานคร 10160","ส-00000457","บริษัท สยาม โปรเทคชั่น ซีสเต็ม จำกัด","38/5 (Warehouse No. J4, J5 and J5/1), Moo 18, ตำบล บึงคำพร้อย อำเภอลำลูกกา ปทุมธานี 12150 ไทย",,,,,,"6","16:17:47", 12/06/2026 ,"16:50:00","P00007233",,,"คลังสินค้า บริษัท สยามซินดิเคทเทคโนโลยี จำกัด (มหาชน).",,"","Deliver","","0610239733",,,,,,"999 หมู่ 6 ถนนนวมินทร์ แขวง คลองกุ่ม เขต บึงกุ่ม กรุงเทพมหานคร 10240 ประเทศไทย",,,,,, 12/06/2026 ,"16:50:00","P00000012",,,"แผนก WT อาคาร SST",,"","SAO-WTDOR-2026-0239","","","","PSK","","","","","","","","",,,,,"WT-สุทิวัส แสนหลวง","0","1","1","0","0",""
"EPF-26-06-12-0003","RECEIVED","Benjamas ", 12/06/2026 ,"16:19:59","","C00002534","บริษัท รักษาความปลอดภัย ไทยซีคอม จำกัด","อาคารไทยวาทาวเวอร์ ชั้น 4 21/6-7 ถ. สาทรใต้ แขวงทุ่งมหาเมฆ เขตสาทร กรุงเทพมหานคร 10120 ไทย",,,,,,"0","00:00:00", 19/06/2026 ,"21:00:00","P00007824",,,"บริษัท รักษาความปลอดภัย ไทยซีคอม จำกัด",,"","Deliver","","0632072257", 15/06/2026 17:25:42 ,, 17/06/2026 17:08:08 , 16/06/2026 17:34:22 , 18/06/2026 17:25:06 ,"ป้ายรถประจำทาง หมู่บ้านสินธานี แขวง นวมินทร์ เขต บึงกุ่ม กรุงเทพมหานคร 10240 ประเทศไทย", 15/06/2026 16:26:56 ,"18.5909306788477,99.0422583371401", 15/06/2026 16:27:17 ,"18.5909306788477,99.0422583371401", 15/06/2026 , 15/06/2026 ,"08:00:00","P00000020","18.59093067","99.04225833","ห้องช่าง EE/S ตึกขาว",,"16:27:03","SAO-ESA1-2026-0079","","","","EE-TCP","","","","","","","","","Sign-R-EPF-26-06-12-0003-moiit.jpg",,,,"EE/PM - จักรพันธ์ ก๋าใจ","0","1","1","1","0",""
"FPJ-26-02-05-0001(101)","RECEIVED","sirirak ", 15/06/2026 ,"08:41:01","300  ถนนร่มเกล้า    แขวงคลองสามประเวศ เขตลาดกระบัง กรุงเทพฯ 10520","ฤ-00000001","บริษัท ฤทธา จำกัด","C3M7+X23, 376, Tambol Don Hua Roh Amphur, อำเภอเมืองชลบุรี ชลบุรี 20000 ไทย",,,,,,"0","00:00:00", 21/06/2026 ,"17:00:00","P00008254",,,"ฤทธา SITE DAYONE",,"","Deliver","","0659873036", 15/06/2026 09:20:24 ,, 17/06/2026 07:36:15 , 16/06/2026 07:44:34 , 18/06/2026 07:48:18 ,"999 ถนน นวมินทร์ แขวง คลองกุ่ม เขต บึงกุ่ม กรุงเทพมหานคร 10240 ประเทศไทย", 15/06/2026 09:20:13 ,"13.4336725,101.0642245", 15/06/2026 09:20:36 ,"13.4336507,101.0642126", 15/06/2026 , 15/06/2026 ,"08:00:00","P00005502","13.43366650","101.06423210","แผนก EF-SERVICE",,"09:20:19","JOB-FNS-2026-0014","","","","YSK","5 ปี","96,000,000","","","","","","","Sign-R-FPJ-26-02-05-0001(101)-iql2q.jpg",,,,"EF เอกชัย ทองเจือ","0","1","1","1","0",""
"FPJ-26-02-05-0001(102)","RECEIVED","sirirak ", 15/06/2026 ,"08:41:45","300  ถนนร่มเกล้า    แขวงคลองสามประเวศ เขตลาดกระบัง กรุงเทพฯ 10520","ฤ-00000001","บริษัท ฤทธา จำกัด","C3M7+X23, 376, Tambol Don Hua Roh Amphur, อำเภอเมืองชลบุรี ชลบุรี 20000 ไทย",,,,,,"0","00:00:00", 21/06/2026 ,"17:00:00","P00008254",,,"ฤทธา SITE DAYONE",,"","Deliver","","0659873040", 15/06/2026 17:46:01 ,,,,,"999 ถนน นวมินทร์ แขวง คลองกุ่ม เขต บึงกุ่ม กรุงเทพมหานคร 10240 ประเทศไทย", 15/06/2026 10:09:19 ,"13.4336441,101.0642103", 15/06/2026 10:09:51 ,"13.4336363,101.0642231", 15/06/2026 , 15/06/2026 ,"08:00:00","P00005502","13.43363650","101.06422760","แผนก EF-SERVICE",,"10:09:23","JOB-FNS-2026-0014","","","","YSK","5 ปี","96,000,000","","","","","","","Sign-R-FPJ-26-02-05-0001(102)-qhf9u.jpg",,,,"EF อดิศักดิ์ สบายเหลือ","0","1","1","1","0",""
"FPJ-26-02-05-0001(104)","RECEIVED","sirirak ", 15/06/2026 ,"08:42:22","300  ถนนร่มเกล้า    แขวงคลองสามประเวศ เขตลาดกระบัง กรุงเทพฯ 10520","ฤ-00000001","บริษัท ฤทธา จำกัด","C3M7+X23, 376, Tambol Don Hua Roh Amphur, อำเภอเมืองชลบุรี ชลบุรี 20000 ไทย",,, 15/06/2026 13:39:09 ,"13.4342065,101.0633697",,"0","00:00:00", 21/06/2026 ,"17:00:00","P00008254",,,"ฤทธา SITE DAYONE",,"","Deliver","","0933296102", 15/06/2026 13:33:45 ,, 17/06/2026 10:34:10 , 16/06/2026 08:23:32 ,,"999 ถนน นวมินทร์ แขวง คลองกุ่ม เขต บึงกุ่ม กรุงเทพมหานคร 10240 ประเทศไทย", 15/06/2026 13:33:25 ,"13.4347765,101.0628279", 15/06/2026 13:34:09 ,"13.4348223,101.0628398", 15/06/2026 , 15/06/2026 ,"08:00:00","P00005502","13.43478100","101.06282720","แผนก EF-SERVICE",,"13:33:33","JOB-FNS-2026-0014","","","","YSK","5 ปี","96,000,000","","","","","","","Sign-R-FPJ-26-02-05-0001(104)-ceouk.jpg",,,,"EF พงศธร ปัตตังเวสา","0","1","1","1","0",""
"FPJ-26-02-05-0001(105)","RECEIVED","sirirak ", 15/06/2026 ,"08:42:46","300  ถนนร่มเกล้า    แขวงคลองสามประเวศ เขตลาดกระบัง กรุงเทพฯ 10520","ฤ-00000001","บริษัท ฤทธา จำกัด","C3M7+X23, 376, Tambol Don Hua Roh Amphur, อำเภอเมืองชลบุรี ชลบุรี 20000 ไทย",,,,,,"0","00:00:00", 21/06/2026 ,"17:00:00","P00008254",,,"ฤทธา SITE DAYONE",,"","Deliver","","0933296104", 15/06/2026 13:22:52 ,, 17/06/2026 12:38:53 , 16/06/2026 08:12:59 , 18/06/2026 07:41:36 ,"999 ถนน นวมินทร์ แขวง คลองกุ่ม เขต บึงกุ่ม กรุงเทพมหานคร 10240 ประเทศไทย", 15/06/2026 13:22:32 ,"13.4339611,101.0641729", 15/06/2026 13:23:15 ,"13.4336632,101.0641062", 15/06/2026 , 15/06/2026 ,"08:00:00","P00005502","13.43387840","101.06418840","แผนก EF-SERVICE",,"13:22:46","JOB-FNS-2026-0014","","","","YSK","5 ปี","96,000,000","","","","","","","Sign-R-FPJ-26-02-05-0001(105)-ro8f1.jpg",,,,"EF ณรงค์กร ผิวบัวคำ","0","1","1","1","0",""
"FPJ-26-02-05-0001(106)","RECEIVED","sirirak ", 15/06/2026 ,"08:43:55","300  ถนนร่มเกล้า    แขวงคลองสามประเวศ เขตลาดกระบัง กรุงเทพฯ 10520","ฤ-00000001","บริษัท ฤทธา จำกัด","C3M7+X23, 376, Tambol Don Hua Roh Amphur, อำเภอเมืองชลบุรี ชลบุรี 20000 ไทย",,,,,,"0","00:00:00", 21/06/2026 ,"17:00:00","P00008254",,,"ฤทธา SITE DAYONE",,"","Deliver","","0632072263", 15/06/2026 20:10:28 ,, 17/06/2026 19:04:36 , 16/06/2026 19:18:28 , 18/06/2026 17:41:37 ,"999 ถนน นวมินทร์ แขวง คลองกุ่ม เขต บึงกุ่ม กรุงเทพมหานคร 10240 ประเทศไทย", 15/06/2026 10:29:47 ,"13.4336535,101.0640945", 15/06/2026 10:30:35 ,"13.4336579,101.0641218", 15/06/2026 , 15/06/2026 ,"08:00:00","P00005502","13.43365270","101.06409420","แผนก EF-SERVICE",,"10:29:52","JOB-FNS-2026-0014","","","","YSK","5 ปี","96,000,000","","","","","","","Sign-R-FPJ-26-02-05-0001(106)-okzcy.jpg",,,,"EF เอกราช  สายเครือวงค์","0","1","1","1","0",""
"FPJ-26-02-05-0001(107)","RECEIVED","sirirak ", 15/06/2026 ,"08:44:20","300  ถนนร่มเกล้า    แขวงคลองสามประเวศ เขตลาดกระบัง กรุงเทพฯ 10520","ฤ-00000001","บริษัท ฤทธา จำกัด","C3M7+X23, 376, Tambol Don Hua Roh Amphur, อำเภอเมืองชลบุรี ชลบุรี 20000 ไทย",,,,,,"0","00:00:00", 21/06/2026 ,"17:00:00","P00008254",,,"ฤทธา SITE DAYONE",,"","Deliver","","0655177828", 16/06/2026 11:35:29 ,,, 18/06/2026 16:46:24 ,,"999 ถนน นวมินทร์ แขวง คลองกุ่ม เขต บึงกุ่ม กรุงเทพมหานคร 10240 ประเทศไทย", 16/06/2026 11:35:08 ,"13.4359144,101.0643336", 16/06/2026 11:35:26 ,"13.4360017,101.0641367", 16/06/2026 , 16/06/2026 ,"08:00:00","P00005502","13.43591440","101.06433360","แผนก EF-SERVICE",,"11:35:12","JOB-FNS-2026-0014","","","","YSK","5 ปี","96,000,000","","","","","","","Sign-R-FPJ-26-02-05-0001(107)-dgxed.jpg",,,,"EF ตรัยวรัตม์  จำปาดง","0","1","1","1","0",""
"FPJ-25-12-04-0001(60)","RECEIVED","sirirak ", 15/06/2026 ,"08:44:44","","C00001737","บริษัท อินฟราเซท จำกัด (มหาชน)","37J5+V4V ตำบล หนองเสือช้าง อำเภอหนองใหญ่ ชลบุรี ประเทศไทย",,,,,,"0","00:00:00", 21/06/2026 ,"17:00:00","P00008192",,,"อินฟราเซท SITE STECON_CHN1A_Data Center ",,"","Deliver","","0613976092", 15/06/2026 16:12:37 ,, 18/06/2026 18:19:54 , 16/06/2026 17:05:27 ,,"999 ถนน นวมินทร์ แขวง คลองกุ่ม เขต บึงกุ่ม กรุงเทพมหานคร 10240 ประเทศไทย", 15/06/2026 12:58:19 ,"13.0806043,101.2678806", 15/06/2026 13:00:12 ,"13.0806015,101.2678942", 15/06/2026 , 15/06/2026 ,"08:00:00","P00005502","13.08050460","101.26790200","แผนก EF-SERVICE",,"12:58:23","JOB-FNS-2025-0056","","","","EE-TRY","2 ปี","16,400,000","","","","","","","Sign-R-FPJ-25-12-04-0001(60)-5gyna.jpg",,,,"EF รุ่งโรจน์ พุดลา","0","1","1","1","0",""
"FPJ-26-02-23-0001(25)","RECEIVED","sirirak ", 15/06/2026 ,"09:11:40","เลขที่ 121/105  อาคารอาร์เอส ทาวเวอร์ ชั้นที่ 39   ถ.รัชดาภิเษก   แขวงดินแดง เขตดินแดง กรุงเทพฯ 10400","ม-00000232-1","บริษัท แมคทริค จำกัด (มหาชน)","หมู่ที่ 3 99 ตำบล คลองหลา อำเภอ คลองหอยโข่ง สงขลา 90115 ไทย",,, 15/06/2026 22:20:21 ,"6.9438457,100.4083434",,"0","00:00:00", 21/06/2026 ,"17:00:00","P00008339",,,"AIS Singkorn",,"","Deliver","","0655073238", 15/06/2026 22:19:26 ,, 18/06/2026 10:05:26 , 17/06/2026 09:05:37 , 18/06/2026 18:13:59 ,"999 ถนน นวมินทร์ แขวง คลองกุ่ม เขต บึงกุ่ม กรุงเทพมหานคร 10240 ประเทศไทย", 15/06/2026 10:20:21 ,"8.294501,99.9104515", 15/06/2026 10:21:14 ,"8.294479,99.9104289", 15/06/2026 , 15/06/2026 ,"08:00:00","P00005502","8.29450100","99.91045150","แผนก EF-SERVICE",,"10:20:23","JOQ-FNS-2026-010 ","","","","YSK","3 ปี เข้า PM 4 ครั้ง/ปี ทั้งหมด 12 ครั้ง","38,000,000","","","","","","","Sign-R-FPJ-26-02-23-0001(25)-ef1ol.jpg",,,,"EF ณัชพล ขวัญเซ่ง","0","4","4","4","0",""
"WA-26-06-0021","OPEN","Nuttikarn ", 15/06/2026 ,"10:46:42","599/294  หมู่บ้านกลางกรุง-รัชวิภา ถนน รัชดาภิเษก แขวงจตุจักร เขตจตุจักร กรุงเทพฯ 10900","ร-00000172","บริษัท รีวอลูชั่น เอ็นเตอร์ไพร์ซ จำกัด","38/5 (Warehouse No. J4, J5 and J5/1), Moo 18, ตำบล บึงคำพร้อย อำเภอลำลูกกา ปทุมธานี 12150 ไทย",,,,,,"3","21:22:47", 15/06/2026 ,"11:45:00","P00007233",,,"คลังสินค้า บริษัท สยามซินดิเคทเทคโนโลยี จำกัด (มหาชน).",,"","Deliver","","0657291626",,,,,,"999 หมู่ 6 ถนนนวมินทร์ แขวง คลองกุ่ม เขต บึงกุ่ม กรุงเทพมหานคร 10240 ประเทศไทย",,,,,, 15/06/2026 ,"11:45:00","P00000012",,,"แผนก WT อาคาร SST",,"","SAO-WTDOR-2026-0243","","","","PSK","","","","","","","","",,,,,"WT-สุกฤษฎิ์ สิรินันทจิตร์","0","1","2","0","0",""
"WA-26-06-0022","OPEN","Nuttikarn ", 15/06/2026 ,"11:16:54","","C00002779","บริษัท แฟค 99 เอ็นจิเนียริ่ง จำกัด","38/5 (Warehouse No. J4, J5 and J5/1), Moo 18, ตำบล บึงคำพร้อย อำเภอลำลูกกา ปทุมธานี 12150 ไทย",,,,,,"3","20:52:47", 15/06/2026 ,"12:15:00","P00007233",,,"คลังสินค้า บริษัท สยามซินดิเคทเทคโนโลยี จำกัด (มหาชน).",,"","Deliver","","0610239733",,,,,,"999 หมู่ 6 ถนนนวมินทร์ แขวง คลองกุ่ม เขต บึงกุ่ม กรุงเทพมหานคร 10240 ประเทศไทย",,,,,, 15/06/2026 ,"12:15:00","P00000012",,,"แผนก WT อาคาร SST",,"","SAO-WTDOR-2026-0234","","","","PSK","","","","","","","","",,,,,"WT-สุทิวัส แสนหลวง","0","1","1","0","0",""
"EPP-26-06-08-0003(27)","OPEN","Sunisa Autka", 15/06/2026 ,"15:26:38","","C00000752","บริษัท สยามคูโบต้าคอร์ปอเรชั่น จำกัด สาขาอมตะซิตี้ ชลบุรี (ส-00000711)","เลขที่ 700/867 หมู่ที่ 3 นิคมอุตสาหกรรมอมตะซิตี้ ชลบุรี ต.หนองกะขะ อ.พานทอง จ.ชลบุรี 20160 ",,,,,,"2","16:07:47", 16/06/2026 ,"17:00:00","P00002730",,,"บริษัท สยามคูโบต้าคอร์ปอเรชั่น จำกัด สาขาอมตะซิตี้ ชลบุรี (ส-00000711)",,"","Deliver","","000000000000001",,,,,,"ป้ายรถประจำทาง หมู่บ้านสินธานี แขวง นวมินทร์ เขต บึงกุ่ม กรุงเทพมหานคร 10240 ประเทศไทย",,,,,, 16/06/2026 ,"08:00:00","P00000020",,,"ห้องช่าง EE/S ตึกขาว",,"","JOB-EPM-2026-0195 (PZ01)","","","","CKS","","","","","","","","",,,,,"Delete","0","1","1","0","0",""
"EPP-26-06-08-0003(28)","OPEN","Sunisa Autka", 15/06/2026 ,"15:27:08","","C00000752","บริษัท สยามคูโบต้าคอร์ปอเรชั่น จำกัด สาขาอมตะซิตี้ ชลบุรี (ส-00000711)","เลขที่ 700/867 หมู่ที่ 3 นิคมอุตสาหกรรมอมตะซิตี้ ชลบุรี ต.หนองกะขะ อ.พานทอง จ.ชลบุรี 20160 ",,,,,,"2","16:07:47", 16/06/2026 ,"17:00:00","P00002730",,,"บริษัท สยามคูโบต้าคอร์ปอเรชั่น จำกัด สาขาอมตะซิตี้ ชลบุรี (ส-00000711)",,"","Deliver","","000000000000001",,,,,,"ป้ายรถประจำทาง หมู่บ้านสินธานี แขวง นวมินทร์ เขต บึงกุ่ม กรุงเทพมหานคร 10240 ประเทศไทย",,,,,, 16/06/2026 ,"08:00:00","P00000020",,,"ห้องช่าง EE/S ตึกขาว",,"","JOB-EPM-2026-0195 (PZ01)","","","","CKS","","","","","","","","",,,,,"Delete","0","1","1","0","0",""
"EPP-26-06-08-0003(29)","OPEN","Sunisa Autka", 15/06/2026 ,"15:29:19","","C00000752","บริษัท สยามคูโบต้าคอร์ปอเรชั่น จำกัด สาขาอมตะซิตี้ ชลบุรี (ส-00000711)","เลขที่ 700/867 หมู่ที่ 3 นิคมอุตสาหกรรมอมตะซิตี้ ชลบุรี ต.หนองกะขะ อ.พานทอง จ.ชลบุรี 20160 ",,,,,,"2","16:07:47", 16/06/2026 ,"17:00:00","P00002730",,,"บริษัท สยามคูโบต้าคอร์ปอเรชั่น จำกัด สาขาอมตะซิตี้ ชลบุรี (ส-00000711)",,"","Deliver","","000000000000001",,,,,,"ป้ายรถประจำทาง หมู่บ้านสินธานี แขวง นวมินทร์ เขต บึงกุ่ม กรุงเทพมหานคร 10240 ประเทศไทย",,,,,, 16/06/2026 ,"08:00:00","P00000020",,,"ห้องช่าง EE/S ตึกขาว",,"","JOB-EPM-2026-0195 (PZ01)","","","","CKS","","","","","","","","",,,,,"Delete","0","1","1","0","0",""
"AEE-26-06-0026","OPEN","Apinya ", 15/06/2026 ,"16:53:52","ห้อง 1001-3 ชั้น 10 อาคารเลิศปัญญา เลขที่ 41 ซ.เลิศปัญญา  ถ.ศรีอยุธยา แขวงถนนพญาไท เขตราชเทวี กรุงเทพฯ 10400","ค-00000271","บริษัท คินเดน (ประเทศไทย) จำกัด","ป้ายรถประจำทาง หมู่บ้านสินธานี แขวง นวมินทร์ เขต บึงกุ่ม กรุงเทพมหานคร 10240 ประเทศไทย",,,,,,"0","00:00:00", 25/06/2026 ,"17:52:00","P00000020",,,"ห้องช่าง EE/S ตึกขาว",,"","Deliver","","0655177821",,,,,,"999 หมู่ 6 ถ.นวมินทร์  แขวง คลองกุ่ม เขต บึงกุ่ม กรุงเทพมหานคร 10240 ประเทศไทย",,,,,, 16/06/2026 ,"17:52:00","P00000013",,,"แผนก EE/E อาคาร SST",,"","SAO-ESA2-2026-0056","","","","TRL","","","","","","","","",,,,,"EE/SV - สมหวัง","0","1","1","0","0",""
"AEE-26-06-0027","RECEIVED","Apinya ", 15/06/2026 ,"16:55:39","ห้อง 1001-3 ชั้น 10 อาคารเลิศปัญญา เลขที่ 41 ซ.เลิศปัญญา  ถ.ศรีอยุธยา แขวงถนนพญาไท เขตราชเทวี กรุงเทพฯ 10400","ค-00000271","บริษัท คินเดน (ประเทศไทย) จำกัด","ป้ายรถประจำทาง หมู่บ้านสินธานี แขวง นวมินทร์ เขต บึงกุ่ม กรุงเทพมหานคร 10240 ประเทศไทย",,,,,,"0","00:00:00", 25/06/2026 ,"17:53:00","P00000020",,,"ห้องช่าง EE/S ตึกขาว",,"","Deliver","","0617481771",,,,,,"999 หมู่ 6 ถ.นวมินทร์  แขวง คลองกุ่ม เขต บึงกุ่ม กรุงเทพมหานคร 10240 ประเทศไทย", 19/06/2026 08:16:05 ,"13.7995311,100.6495846", 19/06/2026 08:16:47 ,"13.799513,100.6495669", 19/06/2026 , 16/06/2026 ,"17:53:00","P00000013","13.79953110","100.64958460","แผนก EE/E อาคาร SST",,"08:16:09","SAO-ESA2-2026-0056","","","","TRL","","","","","","","","","Sign-R-AEE-26-06-0027-sx1y6.jpg",,,,"EE/SV พงศธร ตันติญานุกูล","0","1","1","1","0",""
"FPJ-26-06-04-0001(1)","OPEN","Benjamas ", 16/06/2026 ,"08:14:17","9  ถ.นิมิตใหม่  แขวงมีนบุรี เขตมีนบุรี กรุงเทพมหานคร 10510","อ-00001296","บริษัท อาหารยอดคุณ จำกัด","9  ถ.นิมิตใหม่  แขวงมีนบุรี เขตมีนบุรี กรุงเทพมหานคร 10510",,,,,,"1","16:07:47", 17/06/2026 ,"17:00:00","อ-00001296",,,"บริษัท อาหารยอดคุณ จำกัด",,"","Deliver","","0655177823",,,,,,"ป้ายรถประจำทาง หมู่บ้านสินธานี แขวง นวมินทร์ เขต บึงกุ่ม กรุงเทพมหานคร 10240 ประเทศไทย",,,,,, 17/06/2026 ,"08:00:00","P00000020",,,"ห้องช่าง EE/S ตึกขาว",,"","สำรวจหน้างาน","","","","CCR","","","","","","","","",,,,,"EF สินทรัพย์ ไตรสถาพรชัย","0","1","1","0","0",""
"AEE-26-06-0028","OPEN","Apinya ", 16/06/2026 ,"08:36:36","ห้อง 1001-3 ชั้น 10 อาคารเลิศปัญญา เลขที่ 41 ซ.เลิศปัญญา  ถ.ศรีอยุธยา แขวงถนนพญาไท เขตราชเทวี กรุงเทพฯ 10400","ค-00000271","บริษัท คินเดน (ประเทศไทย) จำกัด","ป้ายรถประจำทาง หมู่บ้านสินธานี แขวง นวมินทร์ เขต บึงกุ่ม กรุงเทพมหานคร 10240 ประเทศไทย",,,,,,"0","00:00:00", 25/06/2026 ,"09:31:00","P00000020",,,"ห้องช่าง EE/S ตึกขาว",,"","Deliver","","0632072269",,,,,,"999 หมู่ 6 ถ.นวมินทร์  แขวง คลองกุ่ม เขต บึงกุ่ม กรุงเทพมหานคร 10240 ประเทศไทย",,,,,, 17/06/2026 ,"09:31:00","P00000013",,,"แผนก EE/E อาคาร SST",,"","SAO-ESA2-2026-0161","","","","TRL","","","","","","","","",,,,,"EE/SV - งานประกอบ","0","1","1","0","0",""
"EPF-26-06-15-0003(30)","RECEIVED","Sunisa Autka", 16/06/2026 ,"08:48:42","199  หมู่ 2  ถ.นครอินทร์  ต.บางสีทอง อ.บางกรวย จ.นนทบุรี 11130","ช-00000187"," ชุมนุมสหกรณ์ออมทรัพย์แห่งประเทศไทย จำกัด","199  หมู่ 2  ถ.นครอินทร์  ต.บางสีทอง อ.บางกรวย จ.นนทบุรี 11130",,,,,,"0","11:37:47", 18/06/2026 ,"21:30:00","ช-00000187",,," ชุมนุมสหกรณ์ออมทรัพย์แห่งประเทศไทย จำกัด",,"","Deliver","","0632072249",,,,,,"ป้ายรถประจำทาง หมู่บ้านสินธานี แขวง นวมินทร์ เขต บึงกุ่ม กรุงเทพมหานคร 10240 ประเทศไทย", 18/06/2026 12:05:09 ,"13.8227558135986,100.477508544922", 18/06/2026 12:05:21 ,"13.8227558135986,100.477508544922", 18/06/2026 , 18/06/2026 ,"08:00:00","P00000020","13.82275581","100.47750854","ห้องช่าง EE/S ตึกขาว",,"12:05:14","JOB-EPM-2026-0223","","","","CKS","","","","","","","","","Sign-R-EPF-26-06-15-0003(30)-9ezo3.jpg",,,,"EE/PM - พงษ์รวี เทพวัลย์","0","1","1","1","0",""
"EPF-26-06-15-0003(32)","OPEN","Sunisa Autka", 16/06/2026 ,"08:50:07","199  หมู่ 2  ถ.นครอินทร์  ต.บางสีทอง อ.บางกรวย จ.นนทบุรี 11130","ช-00000187"," ชุมนุมสหกรณ์ออมทรัพย์แห่งประเทศไทย จำกัด","199  หมู่ 2  ถ.นครอินทร์  ต.บางสีทอง อ.บางกรวย จ.นนทบุรี 11130",,,,,,"0","00:00:00", 19/06/2026 ,"21:30:00","ช-00000187",,," ชุมนุมสหกรณ์ออมทรัพย์แห่งประเทศไทย จำกัด",,"","Deliver","","0632072251",,,,,,"ป้ายรถประจำทาง หมู่บ้านสินธานี แขวง นวมินทร์ เขต บึงกุ่ม กรุงเทพมหานคร 10240 ประเทศไทย",,,,,, 19/06/2026 ,"08:00:00","P00000020",,,"ห้องช่าง EE/S ตึกขาว",,"","JOB-EPM-2026-0223","","","","CKS","","","","","","","","",,,,,"EE/PM - ฆนากร","0","1","1","0","0",""
"EPF-26-06-15-0003(33)","OPEN","Sunisa Autka", 16/06/2026 ,"08:52:31","199  หมู่ 2  ถ.นครอินทร์  ต.บางสีทอง อ.บางกรวย จ.นนทบุรี 11130","ช-00000187"," ชุมนุมสหกรณ์ออมทรัพย์แห่งประเทศไทย จำกัด","199  หมู่ 2  ถ.นครอินทร์  ต.บางสีทอง อ.บางกรวย จ.นนทบุรี 11130",,,,,,"0","00:00:00", 19/06/2026 ,"21:30:00","ช-00000187",,," ชุมนุมสหกรณ์ออมทรัพย์แห่งประเทศไทย จำกัด",,"","Deliver","","0632072254",,,,,,"ป้ายรถประจำทาง หมู่บ้านสินธานี แขวง นวมินทร์ เขต บึงกุ่ม กรุงเทพมหานคร 10240 ประเทศไทย",,,,,, 19/06/2026 ,"08:00:00","P00000020",,,"ห้องช่าง EE/S ตึกขาว",,"","JOB-EPM-2026-0223","","","","CKS","","","","","","","","",,,,,"EE/PM - ชัยวัฒน์","0","1","1","0","0",""
"EPF-26-06-15-0003(34)","OPEN","Sunisa Autka", 16/06/2026 ,"08:52:35","199  หมู่ 2  ถ.นครอินทร์  ต.บางสีทอง อ.บางกรวย จ.นนทบุรี 11130","ช-00000187"," ชุมนุมสหกรณ์ออมทรัพย์แห่งประเทศไทย จำกัด","199  หมู่ 2  ถ.นครอินทร์  ต.บางสีทอง อ.บางกรวย จ.นนทบุรี 11130",,,,,,"0","00:00:00", 19/06/2026 ,"21:30:00","ช-00000187",,," ชุมนุมสหกรณ์ออมทรัพย์แห่งประเทศไทย จำกัด",,"","Deliver","","0632072253",,,,,,"ป้ายรถประจำทาง หมู่บ้านสินธานี แขวง นวมินทร์ เขต บึงกุ่ม กรุงเทพมหานคร 10240 ประเทศไทย",,,,,, 19/06/2026 ,"08:00:00","P00000020",,,"ห้องช่าง EE/S ตึกขาว",,"","JOB-EPM-2026-0223","","","","CKS","","","","","","","","",,,,,"EE/PM - คณาวุฒิ ใช้งานปกติ","0","1","1","0","0",""
"EPF-26-06-15-0003(35)","OPEN","Sunisa Autka", 16/06/2026 ,"08:52:38","199  หมู่ 2  ถ.นครอินทร์  ต.บางสีทอง อ.บางกรวย จ.นนทบุรี 11130","ช-00000187"," ชุมนุมสหกรณ์ออมทรัพย์แห่งประเทศไทย จำกัด","199  หมู่ 2  ถ.นครอินทร์  ต.บางสีทอง อ.บางกรวย จ.นนทบุรี 11130",,,,,,"0","00:00:00", 19/06/2026 ,"21:30:00","ช-00000187",,," ชุมนุมสหกรณ์ออมทรัพย์แห่งประเทศไทย จำกัด",,"","Deliver","","0632072252",,,,,,"ป้ายรถประจำทาง หมู่บ้านสินธานี แขวง นวมินทร์ เขต บึงกุ่ม กรุงเทพมหานคร 10240 ประเทศไทย",,,,,, 19/06/2026 ,"08:00:00","P00000020",,,"ห้องช่าง EE/S ตึกขาว",,"","JOB-EPM-2026-0223","","","","CKS","","","","","","","","",,,,,"EE/PM - ปรีชา","0","1","1","0","0",""
"EPF-26-06-15-0003(36)","OPEN","Sunisa Autka", 16/06/2026 ,"08:52:42","199  หมู่ 2  ถ.นครอินทร์  ต.บางสีทอง อ.บางกรวย จ.นนทบุรี 11130","ช-00000187"," ชุมนุมสหกรณ์ออมทรัพย์แห่งประเทศไทย จำกัด","199  หมู่ 2  ถ.นครอินทร์  ต.บางสีทอง อ.บางกรวย จ.นนทบุรี 11130",,,,,,"0","00:00:00", 19/06/2026 ,"21:30:00","ช-00000187",,," ชุมนุมสหกรณ์ออมทรัพย์แห่งประเทศไทย จำกัด",,"","Deliver","","0800610127",,,,,,"ป้ายรถประจำทาง หมู่บ้านสินธานี แขวง นวมินทร์ เขต บึงกุ่ม กรุงเทพมหานคร 10240 ประเทศไทย",,,,,, 19/06/2026 ,"08:00:00","P00000020",,,"ห้องช่าง EE/S ตึกขาว",,"","JOB-EPM-2026-0223","","","","CKS","","","","","","","","",,,,,"EE/PM - เขมวันต์ พรมภักดี","0","1","1","0","0",""
"EPF-26-06-15-0003(37)","OPEN","Sunisa Autka", 16/06/2026 ,"08:53:41","199  หมู่ 2  ถ.นครอินทร์  ต.บางสีทอง อ.บางกรวย จ.นนทบุรี 11130","ช-00000187"," ชุมนุมสหกรณ์ออมทรัพย์แห่งประเทศไทย จำกัด","199  หมู่ 2  ถ.นครอินทร์  ต.บางสีทอง อ.บางกรวย จ.นนทบุรี 11130",,,,,,"0","00:00:00", 19/06/2026 ,"21:30:00","ช-00000187",,," ชุมนุมสหกรณ์ออมทรัพย์แห่งประเทศไทย จำกัด",,"","Deliver","","0632072249",,,,,,"ป้ายรถประจำทาง หมู่บ้านสินธานี แขวง นวมินทร์ เขต บึงกุ่ม กรุงเทพมหานคร 10240 ประเทศไทย",,,,,, 19/06/2026 ,"08:00:00","P00000020",,,"ห้องช่าง EE/S ตึกขาว",,"","JOB-EPM-2026-0223","","","","CKS","","","","","","","","",,,,,"EE/PM - พงษ์รวี เทพวัลย์","0","1","1","0","0",""
"EPF-26-06-15-0003(38)","OPEN","Sunisa Autka", 16/06/2026 ,"08:53:49","199  หมู่ 2  ถ.นครอินทร์  ต.บางสีทอง อ.บางกรวย จ.นนทบุรี 11130","ช-00000187"," ชุมนุมสหกรณ์ออมทรัพย์แห่งประเทศไทย จำกัด","199  หมู่ 2  ถ.นครอินทร์  ต.บางสีทอง อ.บางกรวย จ.นนทบุรี 11130",,,,,,"0","00:00:00", 19/06/2026 ,"21:30:00","ช-00000187",,," ชุมนุมสหกรณ์ออมทรัพย์แห่งประเทศไทย จำกัด",,"","Deliver","","0800610131",,,,,,"ป้ายรถประจำทาง หมู่บ้านสินธานี แขวง นวมินทร์ เขต บึงกุ่ม กรุงเทพมหานคร 10240 ประเทศไทย",,,,,, 19/06/2026 ,"08:00:00","P00000020",,,"ห้องช่าง EE/S ตึกขาว",,"","JOB-EPM-2026-0223","","","","CKS","","","","","","","","",,,,,"EE/PM - วุฒิชัย นามศิลป์","0","1","1","0","0",""
"EPF-26-06-15-0003(39)","OPEN","Sunisa Autka", 16/06/2026 ,"08:53:58","199  หมู่ 2  ถ.นครอินทร์  ต.บางสีทอง อ.บางกรวย จ.นนทบุรี 11130","ช-00000187"," ชุมนุมสหกรณ์ออมทรัพย์แห่งประเทศไทย จำกัด","199  หมู่ 2  ถ.นครอินทร์  ต.บางสีทอง อ.บางกรวย จ.นนทบุรี 11130",,,,,,"0","00:00:00", 19/06/2026 ,"21:30:00","ช-00000187",,," ชุมนุมสหกรณ์ออมทรัพย์แห่งประเทศไทย จำกัด",,"","Deliver","","0800610134",,,,,,"ป้ายรถประจำทาง หมู่บ้านสินธานี แขวง นวมินทร์ เขต บึงกุ่ม กรุงเทพมหานคร 10240 ประเทศไทย",,,,,, 19/06/2026 ,"08:00:00","P00000020",,,"ห้องช่าง EE/S ตึกขาว",,"","JOB-EPM-2026-0223","","","","CKS","","","","","","","","",,,,,"EE/PM - สุวิทย์ วิวาสุข","0","1","1","0","0",""
"FPJ-26-02-05-0001(108)","RECEIVED","Apichaya ", 16/06/2026 ,"09:11:17","300  ถนนร่มเกล้า    แขวงคลองสามประเวศ เขตลาดกระบัง กรุงเทพฯ 10520","ฤ-00000001","บริษัท ฤทธา จำกัด","C3M7+X23, 376, Tambol Don Hua Roh Amphur, อำเภอเมืองชลบุรี ชลบุรี 20000 ไทย",,,,,,"0","00:00:00", 21/06/2026 ,"17:00:00","P00008254",,,"ฤทธา SITE DAYONE",,"","Deliver","","0655177829", 19/06/2026 07:30:08 ,,,,,"999 ถนน นวมินทร์ แขวง คลองกุ่ม เขต บึงกุ่ม กรุงเทพมหานคร 10240 ประเทศไทย", 18/06/2026 19:57:04 ,"13.4448366,101.0638305", 18/06/2026 21:38:26 ,"13.4447969,101.0638357", 18/06/2026 , 19/06/2026 ,"08:00:00","P00005502","13.44486030","101.06382610","แผนก EF-SERVICE",,"19:57:07","JOB-FNS-2026-0014","","","","YSK","5 ปี","96,000,000","","","","","","","Sign-R-FPJ-26-02-05-0001(108)-xd7jl.jpg",,,,"EF ภคนันท์ ศุกระเศรณี","0","1","1","1","0",""
"EPF-26-06-16-0001","OPEN","Sunisa Autka", 16/06/2026 ,"09:26:32","","C00002231","บริษัท ไทยฮอนด้า จำกัด - (PE) โรงเล็ก","เลขที่ 410 นิคมอุตสาหกรรมลาดกระบัง แขวงลำปลาทิว เขตลาดกระบัง กรุงเทพมหานคร 10520 ไทย",,,,,,"0","00:00:00", 20/06/2026 ,"21:30:00","P00006864",,,"บริษัท ไทยฮอนด้า จำกัด - (PE) โรงเล็ก",,"","Deliver","","0632072251",,,,,,"ป้ายรถประจำทาง หมู่บ้านสินธานี แขวง นวมินทร์ เขต บึงกุ่ม กรุงเทพมหานคร 10240 ประเทศไทย",,,,,, 20/06/2026 ,"08:00:00","P00000020",,,"ห้องช่าง EE/S ตึกขาว",,"","JOB-EPM-2026-0145","","","","์WRR","","","","","","","","",,,,,"EE/PM - ฆนากร","0","1","1","0","0",""
"EPF-26-06-16-0001(1)","OPEN","Sunisa Autka", 16/06/2026 ,"09:27:49","","C00002231","บริษัท ไทยฮอนด้า จำกัด - (PE) โรงเล็ก","เลขที่ 410 นิคมอุตสาหกรรมลาดกระบัง แขวงลำปลาทิว เขตลาดกระบัง กรุงเทพมหานคร 10520 ไทย",,,,,,"0","00:00:00", 20/06/2026 ,"21:30:00","P00006864",,,"บริษัท ไทยฮอนด้า จำกัด - (PE) โรงเล็ก",,"","Deliver","","0632072254",,,,,,"ป้ายรถประจำทาง หมู่บ้านสินธานี แขวง นวมินทร์ เขต บึงกุ่ม กรุงเทพมหานคร 10240 ประเทศไทย",,,,,, 20/06/2026 ,"08:00:00","P00000020",,,"ห้องช่าง EE/S ตึกขาว",,"","JOB-EPM-2026-0145","","","","์WRR","","","","","","","","",,,,,"EE/PM - ชัยวัฒน์","0","1","1","0","0",""
"EPF-26-06-16-0001(2)","OPEN","Sunisa Autka", 16/06/2026 ,"09:28:04","","C00002231","บริษัท ไทยฮอนด้า จำกัด - (PE) โรงเล็ก","เลขที่ 410 นิคมอุตสาหกรรมลาดกระบัง แขวงลำปลาทิว เขตลาดกระบัง กรุงเทพมหานคร 10520 ไทย",,,,,,"0","00:00:00", 20/06/2026 ,"21:30:00","P00006864",,,"บริษัท ไทยฮอนด้า จำกัด - (PE) โรงเล็ก",,"","Deliver","","0632072253",,,,,,"ป้ายรถประจำทาง หมู่บ้านสินธานี แขวง นวมินทร์ เขต บึงกุ่ม กรุงเทพมหานคร 10240 ประเทศไทย",,,,,, 20/06/2026 ,"08:00:00","P00000020",,,"ห้องช่าง EE/S ตึกขาว",,"","JOB-EPM-2026-0145","","","","์WRR","","","","","","","","",,,,,"EE/PM - คณาวุฒิ ใช้งานปกติ","0","1","1","0","0",""
"EPF-26-06-16-0001(3)","OPEN","Sunisa Autka", 16/06/2026 ,"09:28:21","","C00002231","บริษัท ไทยฮอนด้า จำกัด - (PE) โรงเล็ก","เลขที่ 410 นิคมอุตสาหกรรมลาดกระบัง แขวงลำปลาทิว เขตลาดกระบัง กรุงเทพมหานคร 10520 ไทย",,,,,,"0","00:00:00", 20/06/2026 ,"21:30:00","P00006864",,,"บริษัท ไทยฮอนด้า จำกัด - (PE) โรงเล็ก",,"","Deliver","","0632072252",,,,,,"ป้ายรถประจำทาง หมู่บ้านสินธานี แขวง นวมินทร์ เขต บึงกุ่ม กรุงเทพมหานคร 10240 ประเทศไทย",,,,,, 20/06/2026 ,"08:00:00","P00000020",,,"ห้องช่าง EE/S ตึกขาว",,"","JOB-EPM-2026-0145","","","","์WRR","","","","","","","","",,,,,"EE/PM - ปรีชา","0","1","1","0","0",""
"EPF-26-06-16-0001(8)","OPEN","Sunisa Autka", 16/06/2026 ,"09:37:25","","C00002231","บริษัท ไทยฮอนด้า จำกัด - (PE) โรงเล็ก","เลขที่ 410 นิคมอุตสาหกรรมลาดกระบัง แขวงลำปลาทิว เขตลาดกระบัง กรุงเทพมหานคร 10520 ไทย",,,,,,"0","00:00:00", 21/06/2026 ,"21:30:00","P00006864",,,"บริษัท ไทยฮอนด้า จำกัด - (PE) โรงเล็ก",,"","Deliver","","0632072251",,,,,,"ป้ายรถประจำทาง หมู่บ้านสินธานี แขวง นวมินทร์ เขต บึงกุ่ม กรุงเทพมหานคร 10240 ประเทศไทย",,,,,, 21/06/2026 ,"08:00:00","P00000020",,,"ห้องช่าง EE/S ตึกขาว",,"","JOB-EPM-2026-0145","","","","์WRR","","","","","","","","",,,,,"EE/PM - ฆนากร","0","1","1","0","0",""
"EPF-26-06-16-0001(9)","OPEN","Sunisa Autka", 16/06/2026 ,"09:37:32","","C00002231","บริษัท ไทยฮอนด้า จำกัด - (PE) โรงเล็ก","เลขที่ 410 นิคมอุตสาหกรรมลาดกระบัง แขวงลำปลาทิว เขตลาดกระบัง กรุงเทพมหานคร 10520 ไทย",,,,,,"0","00:00:00", 21/06/2026 ,"21:30:00","P00006864",,,"บริษัท ไทยฮอนด้า จำกัด - (PE) โรงเล็ก",,"","Deliver","","0632072254",,,,,,"ป้ายรถประจำทาง หมู่บ้านสินธานี แขวง นวมินทร์ เขต บึงกุ่ม กรุงเทพมหานคร 10240 ประเทศไทย",,,,,, 21/06/2026 ,"08:00:00","P00000020",,,"ห้องช่าง EE/S ตึกขาว",,"","JOB-EPM-2026-0145","","","","์WRR","","","","","","","","",,,,,"EE/PM - ชัยวัฒน์","0","1","1","0","0",""
"EPF-26-06-16-0001(10)","OPEN","Sunisa Autka", 16/06/2026 ,"09:38:34","","C00002231","บริษัท ไทยฮอนด้า จำกัด - (PE) โรงเล็ก","เลขที่ 410 นิคมอุตสาหกรรมลาดกระบัง แขวงลำปลาทิว เขตลาดกระบัง กรุงเทพมหานคร 10520 ไทย",,,,,,"0","00:00:00", 21/06/2026 ,"21:30:00","P00006864",,,"บริษัท ไทยฮอนด้า จำกัด - (PE) โรงเล็ก",,"","Deliver","","0632072253",,,,,,"ป้ายรถประจำทาง หมู่บ้านสินธานี แขวง นวมินทร์ เขต บึงกุ่ม กรุงเทพมหานคร 10240 ประเทศไทย",,,,,, 21/06/2026 ,"08:00:00","P00000020",,,"ห้องช่าง EE/S ตึกขาว",,"","JOB-EPM-2026-0145","","","","์WRR","","","","","","","","",,,,,"EE/PM - คณาวุฒิ ใช้งานปกติ","0","1","1","0","0",""
"EPF-26-06-16-0001(11)","OPEN","Sunisa Autka", 16/06/2026 ,"09:38:42","","C00002231","บริษัท ไทยฮอนด้า จำกัด - (PE) โรงเล็ก","เลขที่ 410 นิคมอุตสาหกรรมลาดกระบัง แขวงลำปลาทิว เขตลาดกระบัง กรุงเทพมหานคร 10520 ไทย",,,,,,"0","00:00:00", 21/06/2026 ,"21:30:00","P00006864",,,"บริษัท ไทยฮอนด้า จำกัด - (PE) โรงเล็ก",,"","Deliver","","0632072252",,,,,,"ป้ายรถประจำทาง หมู่บ้านสินธานี แขวง นวมินทร์ เขต บึงกุ่ม กรุงเทพมหานคร 10240 ประเทศไทย",,,,,, 21/06/2026 ,"08:00:00","P00000020",,,"ห้องช่าง EE/S ตึกขาว",,"","JOB-EPM-2026-0145","","","","์WRR","","","","","","","","",,,,,"EE/PM - ปรีชา","0","1","1","0","0",""
"EPF-26-06-16-0001(12)","RECEIVED","Sunisa Autka", 16/06/2026 ,"09:38:54","","C00002231","บริษัท ไทยฮอนด้า จำกัด - (PE) โรงเล็ก","เลขที่ 410 นิคมอุตสาหกรรมลาดกระบัง แขวงลำปลาทิว เขตลาดกระบัง กรุงเทพมหานคร 10520 ไทย",,,,,,"0","00:00:00", 21/06/2026 ,"21:30:00","P00006864",,,"บริษัท ไทยฮอนด้า จำกัด - (PE) โรงเล็ก",,"","Deliver","","000000000000000",,,,,,"ป้ายรถประจำทาง หมู่บ้านสินธานี แขวง นวมินทร์ เขต บึงกุ่ม กรุงเทพมหานคร 10240 ประเทศไทย",,,,, 16/06/2026 , 21/06/2026 ,"08:00:00","P00000020",,,"ห้องช่าง EE/S ตึกขาว",,"09:54:14","JOB-EPM-2026-0145","","","","์WRR","","","","","","","","",,,,,"Draft","0","1","1","1","0",""
"NC-26-06-0003","OPEN","Jidapa Changcharoen", 16/06/2026 ,"09:44:46","88 The Parq Building, 11th Fl ถ. รัชดาภิเษก Klongtoey กรุงเทพมหานคร 10110 ไทย","ด-00000493","บริษัท เดอะ ไมเนอร์ ฟู้ด กรุ๊ป จำกัด (มหาชน)","101 หมู่ที่ 8 ถ. คลองหลวง ตำบล คลองหนึ่ง อำเภอคลองหลวง ปทุมธานี 12120 ประเทศไทย",,,,,,"0","00:00:00", 20/06/2026 ,"17:00:00","P00008559",,,"เดอะ ไมเนอร์ SITE TSM - Lotus's Klongluang",,"","Deliver","","000000000000000",,,,,,"บริษัท สยามซินดิเคทเทคโนโลยี จำกัด (มหาชน) อาคาร เอส เอส ที 999 ถนนนวมินทร์ แขวงคลองกุ่ม เขตบึงกุ่ม กรุงเทพฯ 10240 (สำนักงานใหญ่)",,,,,, 20/06/2026 ,"08:00:00","P00006148",,,"แผนก NC  ตึก SST",,"","JOB-NC-2026-031","","","","NC-SRS","1 ปี","158,000 บาท","","","","","","",,,,,"Draft","0","1","1","0","0",""
"WA-26-06-0023","OPEN","Nuttikarn ", 16/06/2026 ,"09:45:25","","C00002079","บริษัท จามจุรี วาณิช จำกัด","38/5 (Warehouse No. J4, J5 and J5/1), Moo 18, ตำบล บึงคำพร้อย อำเภอลำลูกกา ปทุมธานี 12150 ไทย",,,,,,"2","16:07:47", 16/06/2026 ,"17:00:00","P00007233",,,"คลังสินค้า บริษัท สยามซินดิเคทเทคโนโลยี จำกัด (มหาชน).",,"","Deliver","","0610239733",,,,,,"999 หมู่ 6 ถนนนวมินทร์ แขวง คลองกุ่ม เขต บึงกุ่ม กรุงเทพมหานคร 10240 ประเทศไทย",,,,,, 16/06/2026 ,"10:43:00","P00000012",,,"แผนก WT อาคาร SST",,"","SAO-WTDOR-2026-0246","","","","PSK","","","","","","","","",,,,,"WT-สุทิวัส แสนหลวง","0","2","2","0","0",""
"WS-26-06-16-0002","RECEIVED","Luksana WT", 16/06/2026 ,"11:08:12","","C00000782","บริษัท ไออาร์พีซี จำกัด (มหาชน).","R79X+QX5 ตำบล บางบุตร อำเภอบ้านค่าย ระยอง ประเทศไทย",,,,,,"0","00:00:00", 24/06/2026 ,"17:00:00","P00008491",,,"โรงกรองน้ำ IRPC",,"","Deliver","","0632072234", 17/06/2026 17:04:17 ,,, 18/06/2026 17:10:05 ,,"R79X+QX5 ตำบล บางบุตร อำเภอบ้านค่าย ระยอง ประเทศไทย", 17/06/2026 08:56:21 ,"12.8197952,101.301393", 17/06/2026 08:56:46 ,"12.8198,101.3013951", 17/06/2026 , 17/06/2026 ,"08:00:00","P00008491","12.81979500","101.30139620","โรงกรองน้ำ IRPC",,"08:56:26","JOB-WTADT-2025-0019","","","","K.KTS","อยู่ในประกัน","ไม่คิดค่าใช้จ่าย","","","","","","","Sign-R-WS-26-06-16-0002-rxres.jpg",,,,"WT-พงษ์ศักดิ์ ภูพวก","0","1","2","2","0",""
"WA-26-06-0024","OPEN","Nuttikarn ", 16/06/2026 ,"11:11:06","เลขที่ 252 อาคารเอสพีอี ทาวเวอร์ ชั้น 15 ถนนพหลโยธิน แขวงสามเสนใน เขตพญาไทย กรุงเทพมหานคร 10400","ท-00000012","บริษัท ไทยเซ็มคอน จำกัด","38/5 (Warehouse No. J4, J5 and J5/1), Moo 18, ตำบล บึงคำพร้อย อำเภอลำลูกกา ปทุมธานี 12150 ไทย",,,,,,"2","21:03:47", 16/06/2026 ,"12:04:00","P00007233",,,"คลังสินค้า บริษัท สยามซินดิเคทเทคโนโลยี จำกัด (มหาชน).",,"","Deliver","","0610239733",,,,,,"999 หมู่ 6 ถนนนวมินทร์ แขวง คลองกุ่ม เขต บึงกุ่ม กรุงเทพมหานคร 10240 ประเทศไทย",,,,,, 16/06/2026 ,"12:04:00","P00000012",,,"แผนก WT อาคาร SST",,"","SAO-WTDOR-2026-0247","","","","PSK","","","","","","","","",,,,,"WT-สุทิวัส แสนหลวง","0","1","1","0","0",""
"EPF-26-06-16-0001(13)","OPEN","Sunisa Autka", 16/06/2026 ,"11:17:25","","C00002231","บริษัท ไทยฮอนด้า จำกัด - (PE) โรงเล็ก","เลขที่ 410 นิคมอุตสาหกรรมลาดกระบัง แขวงลำปลาทิว เขตลาดกระบัง กรุงเทพมหานคร 10520 ไทย",,,,,,"0","00:00:00", 28/06/2026 ,"21:30:00","P00006864",,,"บริษัท ไทยฮอนด้า จำกัด - (PE) โรงเล็ก",,"","Deliver","","0632072253",,,,,,"ป้ายรถประจำทาง หมู่บ้านสินธานี แขวง นวมินทร์ เขต บึงกุ่ม กรุงเทพมหานคร 10240 ประเทศไทย",,,,,, 17/06/2026 ,"08:00:00","P00000020",,,"ห้องช่าง EE/S ตึกขาว",,"","JOB-EPM-2026-0145","","","","์WRR","","","","","","","","",,,,,"EE/PM - คณาวุฒิ ใช้งานปกติ","0","1","1","0","0",""
"AEE-26-06-0029","OPEN","Apinya ", 16/06/2026 ,"13:29:05","ห้อง 1001-3 ชั้น 10 อาคารเลิศปัญญา เลขที่ 41 ซ.เลิศปัญญา  ถ.ศรีอยุธยา แขวงถนนพญาไท เขตราชเทวี กรุงเทพฯ 10400","ค-00000271","บริษัท คินเดน (ประเทศไทย) จำกัด","ป้ายรถประจำทาง หมู่บ้านสินธานี แขวง นวมินทร์ เขต บึงกุ่ม กรุงเทพมหานคร 10240 ประเทศไทย",,,,,,"0","00:00:00", 10/07/2026 ,"14:25:00","P00000020",,,"ห้องช่าง EE/S ตึกขาว",,"","Deliver","","0632072269",,,,,,"999 หมู่ 6 ถ.นวมินทร์  แขวง คลองกุ่ม เขต บึงกุ่ม กรุงเทพมหานคร 10240 ประเทศไทย",,,,,, 17/06/2026 ,"14:25:00","P00000013",,,"แผนก EE/E อาคาร SST",,"","SAO-ESA2-2026-0161","","","","TRL","","","","","","","","",,,,,"EE/SV - งานประกอบ","0","1","1","0","0",""
"WA-26-06-0025","OPEN","Nuttikarn ", 16/06/2026 ,"15:28:59","เลขที่ 1122/17 หมู่ที่ 6    ต.แพรกษา อ.เมืองสมุทรปราการ จ.สมุทรปราการ 10280","พ-00000835","บริษัท พรีเซียส เอ็นจิเนียริ่ง จำกัด","38/5 (Warehouse No. J4, J5 and J5/1), Moo 18, ตำบล บึงคำพร้อย อำเภอลำลูกกา ปทุมธานี 12150 ไทย",,,,,,"2","00:07:47", 17/06/2026 ,"09:00:00","P00007233",,,"คลังสินค้า บริษัท สยามซินดิเคทเทคโนโลยี จำกัด (มหาชน).",,"","Deliver","","0610239733",,,,,,"999 หมู่ 6 ถนนนวมินทร์ แขวง คลองกุ่ม เขต บึงกุ่ม กรุงเทพมหานคร 10240 ประเทศไทย",,,,,, 17/06/2026 ,"08:00:00","P00000012",,,"แผนก WT อาคาร SST",,"","SAO-WTDOR-2026-0249","","","","PSK","","","","","","","","",,,,,"WT-สุทิวัส แสนหลวง","0","1","1","0","0",""
"EPF-26-06-10-0001(2)","OPEN","Benjamas ", 16/06/2026 ,"16:25:33","67 หมู่ 11 ถ.บางนา-ตราด กม 20   บางโฉลง บางพลี สมุทรปราการ","ก-00000010","บริษัท กันยง อีเลคทริก จำกัด (มหาชน)","67 หมู่ 11 ถ.บางนา-ตราด กม 20   บางโฉลง บางพลี สมุทรปราการ",,,,,,"0","00:00:00", 19/06/2026 ,"21:00:00","ก-00000010",,,"บริษัท กันยง อีเลคทริก จำกัด (มหาชน)",,"","Deliver","","0632072250",,,,,,"ป้ายรถประจำทาง หมู่บ้านสินธานี แขวง นวมินทร์ เขต บึงกุ่ม กรุงเทพมหานคร 10240 ประเทศไทย",,,,,, 19/06/2026 ,"08:00:00","P00000020",,,"ห้องช่าง EE/S ตึกขาว",,"","JOB-EPM-2026-0089 (ZZ01)","","","","SCN","","","","","","","","",,,,,"EE/PM - มานะ นราภัย","0","1","1","0","0",""
"EPF-26-06-10-0001(3)","OPEN","Benjamas ", 16/06/2026 ,"16:25:58","67 หมู่ 11 ถ.บางนา-ตราด กม 20   บางโฉลง บางพลี สมุทรปราการ","ก-00000010","บริษัท กันยง อีเลคทริก จำกัด (มหาชน)","67 หมู่ 11 ถ.บางนา-ตราด กม 20   บางโฉลง บางพลี สมุทรปราการ",,,,,,"0","00:00:00", 21/06/2026 ,"21:00:00","ก-00000010",,,"บริษัท กันยง อีเลคทริก จำกัด (มหาชน)",,"","Deliver","","0655177833",,,,,,"ป้ายรถประจำทาง หมู่บ้านสินธานี แขวง นวมินทร์ เขต บึงกุ่ม กรุงเทพมหานคร 10240 ประเทศไทย",,,,,, 20/06/2026 ,"08:00:00","P00000020",,,"ห้องช่าง EE/S ตึกขาว",,"","JOB-EPM-2026-0089 (ZZ01)","","","","SCN","","","","","","","","",,,,,"EE/PM - ศักดิ์ชัย ศรีสุวรรณ","0","1","1","0","0",""
"EPF-26-06-15-0001(16)","OPEN","Sunisa Autka", 17/06/2026 ,"09:06:36","1 สวนอุตสาหกรรมโรจนะ หมู่ที่ 5  ตำบลอุทัย อำเภออุทัย จังหวัดพระนครศรีอยุธยา 13210","ม-00000099","บริษัท มูราคามิ แมนูแฟคเจอริ่ง (ไทยแลนด์) จำกัด","1 สวนอุตสาหกรรมโรจนะ หมู่ที่ 5  ตำบลอุทัย อำเภออุทัย จังหวัดพระนครศรีอยุธยา 13210",,,,,,"0","00:00:00", 28/06/2026 ,"21:00:00","ม-00000099",,,"บริษัท มูราคามิ แมนูแฟคเจอริ่ง (ไทยแลนด์) จำกัด",,"","Deliver","","0655177824",,,,,,"ป้ายรถประจำทาง หมู่บ้านสินธานี แขวง นวมินทร์ เขต บึงกุ่ม กรุงเทพมหานคร 10240 ประเทศไทย",,,,,, 19/06/2026 ,"08:00:00","P00000020",,,"ห้องช่าง EE/S ตึกขาว",,"","JOB-EPM-2026-0235 (ZZ01)","","","","CKS","","","","","","","","",,,,,"EE/PM - จตุรพล แย้มกลิ่น","0","1","1","0","0",""
"WA-26-06-0026","OPEN","Nuttikarn ", 17/06/2026 ,"09:30:00","17  ซ.รามอินทรา 52/1   แขวงรามอินทรา เขตคันนายาว กรุงเทพฯ 10230","ร-00000024","บริษัท ริช ไรส จำกัด","38/5 (Warehouse No. J4, J5 and J5/1), Moo 18, ตำบล บึงคำพร้อย อำเภอลำลูกกา ปทุมธานี 12150 ไทย",,,,,,"1","22:39:47", 17/06/2026 ,"10:28:00","P00007233",,,"คลังสินค้า บริษัท สยามซินดิเคทเทคโนโลยี จำกัด (มหาชน).",,"","Deliver","","0610239733",,,,,,"999 หมู่ 6 ถนนนวมินทร์ แขวง คลองกุ่ม เขต บึงกุ่ม กรุงเทพมหานคร 10240 ประเทศไทย",,,,,, 17/06/2026 ,"10:28:00","P00000012",,,"แผนก WT อาคาร SST",,"","SAO-WTDOR-2026-0250","","","","PSK","","","","","","","","",,,,,"WT-สุทิวัส แสนหลวง","0","1","1","0","0",""
"FPJ-26-01-27-0002(14)","RECEIVED","sirirak ", 17/06/2026 ,"09:59:23","89 ถนนวิภาวดีรังสิต  แขวงจอมพล เขตจตุจักร กรุงเทพฯ","ก-00000095","บริษัท การบินไทย จำกัด (มหาชน)","33 1 ตำบลราชาเทวะ อำเภอบางพลี สมุทรปราการ 10540 ไทย",,,,,,"0","16:07:47", 18/06/2026 ,"17:00:00","P00008288",,,"คลังสินค้าการบินไทย",,"","Deliver","","0655177830", 17/06/2026 10:18:46 ,,, 18/06/2026 13:10:25 ,,"999 ถนน นวมินทร์ แขวง คลองกุ่ม เขต บึงกุ่ม กรุงเทพมหานคร 10240 ประเทศไทย", 17/06/2026 10:18:31 ,"13.7071228027344,100.750030517578", 17/06/2026 10:19:18 ,"13.707122802734375,100.75003051757812", 17/06/2026 , 17/06/2026 ,"08:00:00","P00005502","13.70712280","100.75003051","แผนก EF-SERVICE",,"10:18:37","JOB-FNS-2026-0002","","","","EN-APB","2 ปี","9,500,000","","","","","","","Sign-R-FPJ-26-01-27-0002(14)-g3fuk.jpg",,,,"EF จักรพันธ์  ถาวรวงค์","0","1","1","1","0",""
"EPF-26-06-16-0001(14)","OPEN","Sunisa Autka", 17/06/2026 ,"15:37:49","","C00002231","บริษัท ไทยฮอนด้า จำกัด - (PE) โรงเล็ก","เลขที่ 410 นิคมอุตสาหกรรมลาดกระบัง แขวงลำปลาทิว เขตลาดกระบัง กรุงเทพมหานคร 10520 ไทย",,,,,,"0","00:00:00", 22/06/2026 ,"21:30:00","P00006864",,,"บริษัท ไทยฮอนด้า จำกัด - (PE) โรงเล็ก",,"","Deliver","","0632072251",,,,,,"ป้ายรถประจำทาง หมู่บ้านสินธานี แขวง นวมินทร์ เขต บึงกุ่ม กรุงเทพมหานคร 10240 ประเทศไทย",,,,,, 22/06/2026 ,"08:00:00","P00000020",,,"ห้องช่าง EE/S ตึกขาว",,"","JOB-EPM-2026-0145","","","","์WRR","","","","","","","","",,,,,"EE/PM - ฆนากร","0","1","1","0","0",""
"ESS-26-06-17-0002","OPEN","Teerasak.L ", 17/06/2026 ,"21:16:23","เลขที่ 300/68  ซอยฉลองกรุง 2 ถนนฉลองกรุง   แขวงลำปลาทิว เขตลาดกระบัง กรุงเทพมหานคร 10520","อ-00001654","บริษัท เอ็กซ์เปอร์ต ออโตเมชั่น จำกัด","เลขที่ 300/68  ซอยฉลองกรุง 2 ถนนฉลองกรุง   แขวงลำปลาทิว เขตลาดกระบัง กรุงเทพมหานคร 10520",,,,,,"1","16:07:47", 17/06/2026 ,"17:00:00","อ-00001654",,,"บริษัท เอ็กซ์เปอร์ต ออโตเมชั่น จำกัด",,"","Deliver","","000000000000001",,,,,,"ป้ายรถประจำทาง หมู่บ้านสินธานี แขวง นวมินทร์ เขต บึงกุ่ม กรุงเทพมหานคร 10240 ประเทศไทย",,,,,, 17/06/2026 ,"08:00:00","P00000020",,,"ห้องช่าง EE/S ตึกขาว",,"","SAO-ESA2-2026-0136","","","","TRL","","ไม่คิดค่าใช้จ่าย ","","","","","","",,,,,"Delete","0","1","1","0","0",""
"ESS-26-06-17-0003","RECEIVED","Teerasak.L ", 17/06/2026 ,"21:25:07","ห้อง 1001-3 ชั้น 10 อาคารเลิศปัญญา เลขที่ 41 ซ.เลิศปัญญา  ถ.ศรีอยุธยา แขวงถนนพญาไท เขตราชเทวี กรุงเทพฯ 10400","ค-00000271","บริษัท คินเดน (ประเทศไทย) จำกัด","ห้อง 1001-3 ชั้น 10 อาคารเลิศปัญญา เลขที่ 41 ซ.เลิศปัญญา  ถ.ศรีอยุธยา แขวงถนนพญาไท เขตราชเทวี กรุงเทพฯ 10400",,,,,,"0","00:00:00", 19/06/2026 ,"21:00:00","P00003017",,,"บริษัท คินเดน (ประเทศไทย) จำกัด.",,"","Deliver","","0632072239", 18/06/2026 17:40:42 ,,, 18/06/2026 20:56:13 ,,"ป้ายรถประจำทาง หมู่บ้านสินธานี แขวง นวมินทร์ เขต บึงกุ่ม กรุงเทพมหานคร 10240 ประเทศไทย", 18/06/2026 10:06:30 ,"13.5436778,100.6620829", 18/06/2026 10:07:19 ,"13.5436295,100.6620775", 18/06/2026 , 18/06/2026 ,"08:00:00","P00000020","13.54361710","100.66200860","ห้องช่าง EE/S ตึกขาว",,"10:06:36","SAO-ESA2-2026-0273","","","","TRL","","ไม่คิดค่าใช้จ่าย","","","","","","","Sign-R-ESS-26-06-17-0003-jce8l.jpg",,,,"EE/SV - สุริยัณห์","0","1","1","1","0",""
"ESS-26-06-18-0001","RECEIVED","Parinda ", 18/06/2026 ,"07:23:19","ห้อง 1001-3 ชั้น 10 อาคารเลิศปัญญา เลขที่ 41 ซ.เลิศปัญญา  ถ.ศรีอยุธยา แขวงถนนพญาไท เขตราชเทวี กรุงเทพฯ 10400","ค-00000271","บริษัท คินเดน (ประเทศไทย) จำกัด","ห้อง 1001-3 ชั้น 10 อาคารเลิศปัญญา เลขที่ 41 ซ.เลิศปัญญา  ถ.ศรีอยุธยา แขวงถนนพญาไท เขตราชเทวี กรุงเทพฯ 10400",,,,,,"0","00:00:00", 19/06/2026 ,"21:00:00","ค-00000271",,,"บริษัท คินเดน (ประเทศไทย) จำกัด",,"","Deliver","","0632072242", 18/06/2026 18:32:43 ,,,,,"ป้ายรถประจำทาง หมู่บ้านสินธานี แขวง นวมินทร์ เขต บึงกุ่ม กรุงเทพมหานคร 10240 ประเทศไทย", 18/06/2026 10:22:32 ,"13.5434055328369,100.661972045898", 18/06/2026 10:22:45 ,"13.5434055328369,100.661972045898", 18/06/2026 , 18/06/2026 ,"08:00:00","P00000020","13.54340553","100.66197204","ห้องช่าง EE/S ตึกขาว",,"10:22:46","SAO-ESA2-2026-0273","","","","TRL","","","","","","","","","Sign-R-ESS-26-06-18-0001-x6gc2.jpg",,,,"EE/SV - อดิเรก","0","1","1","1","0",""
"EPF-26-06-10-0005(14)","RECEIVED","Benjamas ", 18/06/2026 ,"07:58:48","เลขที่ 104  ถนนคุ้มเกล้า   แขวงแสนแสบ เขตมีนบุรี กรุงเทพมหานคร 10510","ท-00000490","บริษัท เทอร์โม เทรเซอร์ จำกัด","ตำบล บ้านเก่า อำเภอพานทอง ชลบุรี 20160 ประเทศไทย",,,,,,"0","00:00:00", 21/06/2026 ,"21:00:00","P00008545",,,"Thai NOK RSP Plant",,"","Deliver","","0632072272", 18/06/2026 17:42:08 ,,,,,"ป้ายรถประจำทาง หมู่บ้านสินธานี แขวง นวมินทร์ เขต บึงกุ่ม กรุงเทพมหานคร 10240 ประเทศไทย", 18/06/2026 10:05:45 ,"13.4412755966187,101.063758850098", 18/06/2026 10:06:33 ,"13.4412755966187,101.063758850098", 18/06/2026 , 18/06/2026 ,"08:00:00","P00000020","13.44127559","101.06375885","ห้องช่าง EE/S ตึกขาว",,"10:05:50","JOQ-EPM-2026-0529","","","","WRR","","","","","","","","","Sign-R-EPF-26-06-10-0005(14)-o4699.jpg",,,,"EE/PM -  ชัชวาลย์ รำมะนา","0","1","1","1","0",""
"EPF-26-06-10-0005(15)","RECEIVED","Benjamas ", 18/06/2026 ,"07:59:08","เลขที่ 104  ถนนคุ้มเกล้า   แขวงแสนแสบ เขตมีนบุรี กรุงเทพมหานคร 10510","ท-00000490","บริษัท เทอร์โม เทรเซอร์ จำกัด","ตำบล บ้านเก่า อำเภอพานทอง ชลบุรี 20160 ประเทศไทย",,,,,,"0","00:00:00", 21/06/2026 ,"21:00:00","P00008545",,,"Thai NOK RSP Plant",,"","Deliver","","0649350467", 18/06/2026 17:41:34 ,,,,,"ป้ายรถประจำทาง หมู่บ้านสินธานี แขวง นวมินทร์ เขต บึงกุ่ม กรุงเทพมหานคร 10240 ประเทศไทย", 18/06/2026 11:21:51 ,"13.4409780502319,101.06559753418", 18/06/2026 11:22:00 ,"13.4409780502319,101.06559753418", 18/06/2026 , 18/06/2026 ,"08:00:00","P00000020","13.44097805","101.06559753","ห้องช่าง EE/S ตึกขาว",,"11:21:56","JOQ-EPM-2026-0529","","","","WRR","","","","","","","","","Sign-R-EPF-26-06-10-0005(15)-sfyl1.jpg",,,,"EE/PM - กิตติพงค์  มีแก้ว","0","1","1","1","0",""
"EPF-26-06-10-0005(16)","RECEIVED","Benjamas ", 18/06/2026 ,"07:59:12","เลขที่ 104  ถนนคุ้มเกล้า   แขวงแสนแสบ เขตมีนบุรี กรุงเทพมหานคร 10510","ท-00000490","บริษัท เทอร์โม เทรเซอร์ จำกัด","ตำบล บ้านเก่า อำเภอพานทอง ชลบุรี 20160 ประเทศไทย",,,,,,"0","00:00:00", 21/06/2026 ,"21:00:00","P00008545",,,"Thai NOK RSP Plant",,"","Deliver","","0632072271", 18/06/2026 19:37:20 ,,,,,"ป้ายรถประจำทาง หมู่บ้านสินธานี แขวง นวมินทร์ เขต บึงกุ่ม กรุงเทพมหานคร 10240 ประเทศไทย", 18/06/2026 08:50:01 ,"13.4412603378296,101.066635131836",,, 18/06/2026 , 18/06/2026 ,"08:00:00","P00000020","13.44126033","101.06663513","ห้องช่าง EE/S ตึกขาว",,"08:50:06","JOQ-EPM-2026-0529","","","","WRR","","","","","","","","","Sign-R-EPF-26-06-10-0005(16)-8fki2.jpg",,,,"EE/PM - สุรพล สุกันทา","0","1","1","1","0",""
"EPF-26-06-09-0002(1)","OPEN","Benjamas ", 18/06/2026 ,"08:36:11","","C00001361","บริษัท พานาโซนิค แมนูแฟคเจอริ่ง อยุธยา จำกัด (1พ-000225-00000)","เลขที่ 1/69 หมู่ที่ 5 ถนนโรจนะ ตำบลคานหาม อำเภออุทัย จ.พระนครศรีอยุธยา 13210",,,,,,"0","00:00:00", 19/06/2026 ,"21:00:00","P00004497",,,"บริษัท พานาโซนิค แมนูแฟคเจอริ่ง อยุธยา จำกัด (1พ-000225-00000)",,"","Deliver","","0655177833",,,,,,"ป้ายรถประจำทาง หมู่บ้านสินธานี แขวง นวมินทร์ เขต บึงกุ่ม กรุงเทพมหานคร 10240 ประเทศไทย",,,,,, 19/06/2026 ,"08:00:00","P00000020",,,"ห้องช่าง EE/S ตึกขาว",,"","JOB-EPM-2026-0260 (ZZ01)","","","","WRR","","","","","","","","",,,,,"EE/PM - ศักดิ์ชัย ศรีสุวรรณ","0","1","1","0","0",""
"EPF-26-06-18-0001","OPEN","Benjamas ", 18/06/2026 ,"09:15:44","","C00002396","บริษัท ไพน์ - แปซิฟิคคอร์ปอเรชั่น จำกัด  - บ้านพักผู้บริหาร อินทามระ 44","150 ถนนรัตนโกสินทร์200ปี ตำบล บางบ่อ อำเภอบางบ่อ สมุทรปราการ 10560 ไทย",,,,,,"0","12:07:47", 18/06/2026 ,"21:00:00","P00007395",,,"บริษัท ไพน์ - แปซิฟิคคอร์ปอเรชั่น จำกัด  - บ้านพักผู้บริหาร อินทามระ 44",,"","Deliver","","000000000000000",,,,,,"ป้ายรถประจำทาง หมู่บ้านสินธานี แขวง นวมินทร์ เขต บึงกุ่ม กรุงเทพมหานคร 10240 ประเทศไทย",,,,,, 18/06/2026 ,"08:00:00","P00000020",,,"ห้องช่าง EE/S ตึกขาว",,"","JOB-EPM-2026-0262","","","","CKS","","","","","","","","",,,,,"Draft","0","1","1","0","0",""
"EPF-26-06-18-0001(1)","OPEN","Benjamas ", 18/06/2026 ,"09:15:51","","C00002396","บริษัท ไพน์ - แปซิฟิคคอร์ปอเรชั่น จำกัด  - บ้านพักผู้บริหาร อินทามระ 44","150 ถนนรัตนโกสินทร์200ปี ตำบล บางบ่อ อำเภอบางบ่อ สมุทรปราการ 10560 ไทย",,,,,,"0","12:07:47", 18/06/2026 ,"21:00:00","P00007395",,,"บริษัท ไพน์ - แปซิฟิคคอร์ปอเรชั่น จำกัด  - บ้านพักผู้บริหาร อินทามระ 44",,"","Deliver","","000000000000000",,,,,,"ป้ายรถประจำทาง หมู่บ้านสินธานี แขวง นวมินทร์ เขต บึงกุ่ม กรุงเทพมหานคร 10240 ประเทศไทย",,,,,, 18/06/2026 ,"08:00:00","P00000020",,,"ห้องช่าง EE/S ตึกขาว",,"","JOB-EPM-2026-0262","","","","CKS","","","","","","","","",,,,,"Draft","0","1","1","0","0",""
"EPF-26-06-18-0001(2)","OPEN","Benjamas ", 18/06/2026 ,"09:15:54","","C00002396","บริษัท ไพน์ - แปซิฟิคคอร์ปอเรชั่น จำกัด  - บ้านพักผู้บริหาร อินทามระ 44","150 ถนนรัตนโกสินทร์200ปี ตำบล บางบ่อ อำเภอบางบ่อ สมุทรปราการ 10560 ไทย",,,,,,"0","12:07:47", 18/06/2026 ,"21:00:00","P00007395",,,"บริษัท ไพน์ - แปซิฟิคคอร์ปอเรชั่น จำกัด  - บ้านพักผู้บริหาร อินทามระ 44",,"","Deliver","","000000000000000",,,,,,"ป้ายรถประจำทาง หมู่บ้านสินธานี แขวง นวมินทร์ เขต บึงกุ่ม กรุงเทพมหานคร 10240 ประเทศไทย",,,,,, 18/06/2026 ,"08:00:00","P00000020",,,"ห้องช่าง EE/S ตึกขาว",,"","JOB-EPM-2026-0262","","","","CKS","","","","","","","","",,,,,"Draft","0","1","1","0","0",""
"EPF-26-06-18-0001(4)","OPEN","Benjamas ", 18/06/2026 ,"09:16:29","","C00002396","บริษัท ไพน์ - แปซิฟิคคอร์ปอเรชั่น จำกัด  - บ้านพักผู้บริหาร อินทามระ 44","150 ถนนรัตนโกสินทร์200ปี ตำบล บางบ่อ อำเภอบางบ่อ สมุทรปราการ 10560 ไทย",,,,,,"0","00:00:00", 19/06/2026 ,"21:00:00","P00007395",,,"บริษัท ไพน์ - แปซิฟิคคอร์ปอเรชั่น จำกัด  - บ้านพักผู้บริหาร อินทามระ 44",,"","Deliver","","000000000000000",,,,,,"ป้ายรถประจำทาง หมู่บ้านสินธานี แขวง นวมินทร์ เขต บึงกุ่ม กรุงเทพมหานคร 10240 ประเทศไทย",,,,,, 19/06/2026 ,"08:00:00","P00000020",,,"ห้องช่าง EE/S ตึกขาว",,"","JOB-EPM-2026-0262","","","","CKS","","","","","","","","",,,,,"Draft","0","1","1","0","0",""
"EPF-26-06-18-0001(5)","OPEN","Benjamas ", 18/06/2026 ,"09:16:41","","C00002396","บริษัท ไพน์ - แปซิฟิคคอร์ปอเรชั่น จำกัด  - บ้านพักผู้บริหาร อินทามระ 44","150 ถนนรัตนโกสินทร์200ปี ตำบล บางบ่อ อำเภอบางบ่อ สมุทรปราการ 10560 ไทย",,,,,,"0","00:00:00", 19/06/2026 ,"21:00:00","P00007395",,,"บริษัท ไพน์ - แปซิฟิคคอร์ปอเรชั่น จำกัด  - บ้านพักผู้บริหาร อินทามระ 44",,"","Deliver","","000000000000000",,,,,,"ป้ายรถประจำทาง หมู่บ้านสินธานี แขวง นวมินทร์ เขต บึงกุ่ม กรุงเทพมหานคร 10240 ประเทศไทย",,,,,, 19/06/2026 ,"08:00:00","P00000020",,,"ห้องช่าง EE/S ตึกขาว",,"","JOB-EPM-2026-0262","","","","CKS","","","","","","","","",,,,,"Draft","0","1","1","0","0",""
"EPF-26-06-18-0001(6)","OPEN","Benjamas ", 18/06/2026 ,"09:16:44","","C00002396","บริษัท ไพน์ - แปซิฟิคคอร์ปอเรชั่น จำกัด  - บ้านพักผู้บริหาร อินทามระ 44","150 ถนนรัตนโกสินทร์200ปี ตำบล บางบ่อ อำเภอบางบ่อ สมุทรปราการ 10560 ไทย",,,,,,"0","00:00:00", 19/06/2026 ,"21:00:00","P00007395",,,"บริษัท ไพน์ - แปซิฟิคคอร์ปอเรชั่น จำกัด  - บ้านพักผู้บริหาร อินทามระ 44",,"","Deliver","","000000000000000",,,,,,"ป้ายรถประจำทาง หมู่บ้านสินธานี แขวง นวมินทร์ เขต บึงกุ่ม กรุงเทพมหานคร 10240 ประเทศไทย",,,,,, 19/06/2026 ,"08:00:00","P00000020",,,"ห้องช่าง EE/S ตึกขาว",,"","JOB-EPM-2026-0262","","","","CKS","","","","","","","","",,,,,"Draft","0","1","1","0","0",""
"EPF-26-06-18-0001(7)","OPEN","Benjamas ", 18/06/2026 ,"09:16:46","","C00002396","บริษัท ไพน์ - แปซิฟิคคอร์ปอเรชั่น จำกัด  - บ้านพักผู้บริหาร อินทามระ 44","150 ถนนรัตนโกสินทร์200ปี ตำบล บางบ่อ อำเภอบางบ่อ สมุทรปราการ 10560 ไทย",,,,,,"0","00:00:00", 19/06/2026 ,"21:00:00","P00007395",,,"บริษัท ไพน์ - แปซิฟิคคอร์ปอเรชั่น จำกัด  - บ้านพักผู้บริหาร อินทามระ 44",,"","Deliver","","000000000000000",,,,,,"ป้ายรถประจำทาง หมู่บ้านสินธานี แขวง นวมินทร์ เขต บึงกุ่ม กรุงเทพมหานคร 10240 ประเทศไทย",,,,,, 19/06/2026 ,"08:00:00","P00000020",,,"ห้องช่าง EE/S ตึกขาว",,"","JOB-EPM-2026-0262","","","","CKS","","","","","","","","",,,,,"Draft","0","1","1","0","0",""
"EPF-26-06-18-0002(1)","OPEN","Benjamas ", 18/06/2026 ,"10:19:01","","C00002777","อาคารสวัสดิการสหกรณ์ออมทรัพย์ไทย","อาคารสวัสดิการสหกรณ์ออมทรัพย์ไทย ชั้น 2 199 สสอ.รท 8 ถ. นครอินทร์ ตำบล บางสีทอง อำเภอบางกรวย นนทบุรี 11130 ประเทศไทย",,,,,,"0","12:07:47", 18/06/2026 ,"21:00:00","P00008544",,,"อาคารสวัสดิการสหกรณ์ออมทรัพย์ไทย",,"","Deliver","","0655177824",,,,,,"ป้ายรถประจำทาง หมู่บ้านสินธานี แขวง นวมินทร์ เขต บึงกุ่ม กรุงเทพมหานคร 10240 ประเทศไทย",,,,,, 18/06/2026 ,"08:00:00","P00000020",,,"ห้องช่าง EE/S ตึกขาว",,"","JOQ-EPM-2026-0549","","","","CKS","","","","","","","","",,,,,"EE/PM - จตุรพล แย้มกลิ่น","0","1","1","0","0",""
"EPF-26-06-18-0002(4)","OPEN","Benjamas ", 18/06/2026 ,"10:19:40","","C00002777","อาคารสวัสดิการสหกรณ์ออมทรัพย์ไทย","อาคารสวัสดิการสหกรณ์ออมทรัพย์ไทย ชั้น 2 199 สสอ.รท 8 ถ. นครอินทร์ ตำบล บางสีทอง อำเภอบางกรวย นนทบุรี 11130 ประเทศไทย",,,,,,"0","00:00:00", 19/06/2026 ,"21:00:00","P00008544",,,"อาคารสวัสดิการสหกรณ์ออมทรัพย์ไทย",,"","Deliver","","0655177818",,,,,,"ป้ายรถประจำทาง หมู่บ้านสินธานี แขวง นวมินทร์ เขต บึงกุ่ม กรุงเทพมหานคร 10240 ประเทศไทย",,,,,, 19/06/2026 ,"08:00:00","P00000020",,,"ห้องช่าง EE/S ตึกขาว",,"","JOQ-EPM-2026-0549","","","","CKS","","","","","","","","",,,,,"EE/PM - โกวิท วงศ์เขียว","0","1","1","0","0",""
"EPF-26-06-18-0002(5)","OPEN","Benjamas ", 18/06/2026 ,"10:19:51","","C00002777","อาคารสวัสดิการสหกรณ์ออมทรัพย์ไทย","อาคารสวัสดิการสหกรณ์ออมทรัพย์ไทย ชั้น 2 199 สสอ.รท 8 ถ. นครอินทร์ ตำบล บางสีทอง อำเภอบางกรวย นนทบุรี 11130 ประเทศไทย",,,,,,"0","00:00:00", 19/06/2026 ,"21:00:00","P00008544",,,"อาคารสวัสดิการสหกรณ์ออมทรัพย์ไทย",,"","Deliver","","0655177824",,,,,,"ป้ายรถประจำทาง หมู่บ้านสินธานี แขวง นวมินทร์ เขต บึงกุ่ม กรุงเทพมหานคร 10240 ประเทศไทย",,,,,, 19/06/2026 ,"08:00:00","P00000020",,,"ห้องช่าง EE/S ตึกขาว",,"","JOQ-EPM-2026-0549","","","","CKS","","","","","","","","",,,,,"EE/PM - จตุรพล แย้มกลิ่น","0","1","1","0","0",""
"EPF-26-06-18-0002(6)","OPEN","Benjamas ", 18/06/2026 ,"10:19:54","","C00002777","อาคารสวัสดิการสหกรณ์ออมทรัพย์ไทย","อาคารสวัสดิการสหกรณ์ออมทรัพย์ไทย ชั้น 2 199 สสอ.รท 8 ถ. นครอินทร์ ตำบล บางสีทอง อำเภอบางกรวย นนทบุรี 11130 ประเทศไทย",,,,,,"0","00:00:00", 19/06/2026 ,"21:00:00","P00008544",,,"อาคารสวัสดิการสหกรณ์ออมทรัพย์ไทย",,"","Deliver","","0800610118",,,,,,"ป้ายรถประจำทาง หมู่บ้านสินธานี แขวง นวมินทร์ เขต บึงกุ่ม กรุงเทพมหานคร 10240 ประเทศไทย",,,,,, 19/06/2026 ,"08:00:00","P00000020",,,"ห้องช่าง EE/S ตึกขาว",,"","JOQ-EPM-2026-0549","","","","CKS","","","","","","","","",,,,,"EE/PM - ชญานนท์  สีสืบมา","0","1","1","0","0",""
"EPF-26-06-18-0002(7)","OPEN","Benjamas ", 18/06/2026 ,"10:19:57","","C00002777","อาคารสวัสดิการสหกรณ์ออมทรัพย์ไทย","อาคารสวัสดิการสหกรณ์ออมทรัพย์ไทย ชั้น 2 199 สสอ.รท 8 ถ. นครอินทร์ ตำบล บางสีทอง อำเภอบางกรวย นนทบุรี 11130 ประเทศไทย",,,,,,"0","00:00:00", 19/06/2026 ,"21:00:00","P00008544",,,"อาคารสวัสดิการสหกรณ์ออมทรัพย์ไทย",,"","Deliver","","0632072270",,,,,,"ป้ายรถประจำทาง หมู่บ้านสินธานี แขวง นวมินทร์ เขต บึงกุ่ม กรุงเทพมหานคร 10240 ประเทศไทย",,,,,, 19/06/2026 ,"08:00:00","P00000020",,,"ห้องช่าง EE/S ตึกขาว",,"","JOQ-EPM-2026-0549","","","","CKS","","","","","","","","",,,,,"EE/PM - ภานุวัฒน์ ศรีเมือง ","0","1","1","0","0",""
"WA-26-06-0027","OPEN","Nuttikarn ", 18/06/2026 ,"13:17:12","112/192  หมู่ 2  ซอยเอกชัย 15  ถนนเอกชัย  แขวงบางขุนเทียน เขตจอมทอง กรุงเทพฯ 10150","ม-00000164","บริษัท แม็กซิม โฟล์ว จำกัด","38/5 (Warehouse No. J4, J5 and J5/1), Moo 18, ตำบล บึงคำพร้อย อำเภอลำลูกกา ปทุมธานี 12150 ไทย",,,,,,"0","18:53:47", 18/06/2026 ,"14:14:00","P00007233",,,"คลังสินค้า บริษัท สยามซินดิเคทเทคโนโลยี จำกัด (มหาชน).",,"","Deliver","","0610239733",,,,,,"999 หมู่ 6 ถนนนวมินทร์ แขวง คลองกุ่ม เขต บึงกุ่ม กรุงเทพมหานคร 10240 ประเทศไทย",,,,,, 18/06/2026 ,"14:14:00","P00000012",,,"แผนก WT อาคาร SST",,"","SAO-WTDOR-2026-0251","","","","PSK","","","","","","","","",,,,,"WT-สุทิวัส แสนหลวง","0","2","2","0","0",""
"ESS-26-06-18-0006","OPEN","Teerapol Deangprasertkul", 18/06/2026 ,"13:49:26","","C00000297","บริษัท เคเอ็ม.อีเล็กทริค จำกัด (ค-00000206)","JHWV+94M, Samut Prakan, Amphoe Mueang Samut Prakan, Chang Wat Samut Prakan 10270",,,,,,"0","00:00:00", 22/06/2026 ,"21:00:00","P00008565",,,"TAW จังหวัดสมุทรปราการ",,"","Deliver","","000000000000000",,,,,,"ป้ายรถประจำทาง หมู่บ้านสินธานี แขวง นวมินทร์ เขต บึงกุ่ม กรุงเทพมหานคร 10240 ประเทศไทย",,,,,, 22/06/2026 ,"08:00:00","P00000020",,,"ห้องช่าง EE/S ตึกขาว",,"","สำรวจหน้างาน เพื่อทำใบเสนอราคา","","","","TRD","","","","","","","","",,,,,"Draft","0","1","1","0","0",""
"LO-26-06-18-0001","RECEIVED","Jidapa - Sofia Madsalae", 18/06/2026 ,"15:18:50","12/3  หมู่ที่ 9  ถนนปู่เจ้าสมิงพราย  ต.บางหัวเสือ อ.พระประแดง จ.สมุทรปราการ 10130","ย-00000138","บริษัท ยูทิลิตี้ พลัส จำกัด","12/3  หมู่ที่ 9  ถนนปู่เจ้าสมิงพราย  ต.บางหัวเสือ อ.พระประแดง จ.สมุทรปราการ 10130",,,,,,"0","00:00:00", 19/06/2026 ,"17:00:00","ย-00000138",,,"บริษัท ยูทิลิตี้ พลัส จำกัด",,"","Deliver","","0632072262",,,,,,"38/5 (Warehouse No. J4, J5 and J5/1), Moo 18, ตำบล บึงคำพร้อย อำเภอลำลูกกา ปทุมธานี 12150 ไทย", 19/06/2026 07:55:07 ,"13.7998143,100.6496424", 19/06/2026 07:55:57 ,"13.7997036,100.6496912", 19/06/2026 , 19/06/2026 ,"09:00:00","P00007233","13.79974560","100.64965840","คลังสินค้า บริษัท สยามซินดิเคทเทคโนโลยี จำกัด (มหาชน).",,"07:55:10","","","","","","","","","","","","","","Sign-R-LO-26-06-18-0001-psgnc.jpg",,,,"LO-2262 จตุพล","0","1","1","1","0",""
"LO-26-06-18-0002","RECEIVED","Jidapa - Sofia Madsalae", 18/06/2026 ,"15:20:13","","C00002782","บริษัท เอ็น.เอ.เอส.เอ.เอ็นจิเนียริ่ง จำกัด","361 ตำบล ละหาร อำเภอปลวกแดง ระยอง 21140 ประเทศไทย",,,,,,"0","00:00:00", 19/06/2026 ,"17:00:00","P00008566",,,"บริษัท เอ็น.เอ.เอส.เอ.เอ็นจิเนียริ่ง จำกัด",,"","Deliver","","0632072262",,,,,,"38/5 (Warehouse No. J4, J5 and J5/1), Moo 18, ตำบล บึงคำพร้อย อำเภอลำลูกกา ปทุมธานี 12150 ไทย", 19/06/2026 07:55:07 ,"13.7998143,100.6496424", 19/06/2026 07:55:57 ,"13.7997036,100.6496912", 19/06/2026 , 19/06/2026 ,"09:00:00","P00007233","13.79974560","100.64965840","คลังสินค้า บริษัท สยามซินดิเคทเทคโนโลยี จำกัด (มหาชน).",,"07:55:10","","","","","","","","","","","","","","Sign-R-LO-26-06-18-0001-psgnc.jpg",,,,"LO-2262 จตุพล","0","1","1","1","0",""
"LO-26-06-18-0003","RECEIVED","Jidapa - Sofia Madsalae", 18/06/2026 ,"15:20:43","","C00001081","บจก. จีเนียส เทคนิค เอ็นจิเนียริ่ง (จ-00000028)","เลขที่ 26 ซ.รามคำแหง 118 แยก 46-10 ถ.รามคำแหง แขวงสะพานสูง เขตสะพานสูง กทม. 10240",,,,,,"0","00:00:00", 19/06/2026 ,"17:00:00","P00003722",,,"บจก. จีเนียส เทคนิค เอ็นจิเนียริ่ง (จ-00000028)",,"","Deliver","","0632072262",,,,,,"38/5 (Warehouse No. J4, J5 and J5/1), Moo 18, ตำบล บึงคำพร้อย อำเภอลำลูกกา ปทุมธานี 12150 ไทย", 19/06/2026 07:55:07 ,"13.7998143,100.6496424", 19/06/2026 07:55:57 ,"13.7997036,100.6496912", 19/06/2026 , 19/06/2026 ,"09:00:00","P00007233","13.79974560","100.64965840","คลังสินค้า บริษัท สยามซินดิเคทเทคโนโลยี จำกัด (มหาชน).",,"07:55:10","","","","","","","","","","","","","","Sign-R-LO-26-06-18-0001-psgnc.jpg",,,,"LO-2262 จตุพล","0","1","1","1","0",""
"LO-26-06-18-0004","RECEIVED","Jidapa - Sofia Madsalae", 18/06/2026 ,"15:22:13","142  อาคาร ทู แปซิฟิค เพลส ชั้น 20   ถนนสุขุมวิท แขวงคลองเตย เขตคลองเตย กรุงเทพฯ 10110","ส-00000019","บริษัท ส.นภา (ประเทศไทย) จำกัด","339 ซอย นิคมอุตสาหกรรมลาดกระบัง แขวงลำปลาทิว เขตลาดกระบัง กรุงเทพมหานคร 10520 ประเทศไทย",,,,,,"0","00:00:00", 19/06/2026 ,"17:00:00","P00008567",,,"บริษัท ส.นภา (ประเทศไทย) จำกัด - ลาดกระบัง",,"","Deliver","","0632072262",,,,,,"38/5 (Warehouse No. J4, J5 and J5/1), Moo 18, ตำบล บึงคำพร้อย อำเภอลำลูกกา ปทุมธานี 12150 ไทย", 19/06/2026 07:55:07 ,"13.7998143,100.6496424", 19/06/2026 07:55:57 ,"13.7997036,100.6496912", 19/06/2026 , 19/06/2026 ,"09:00:00","P00007233","13.79974560","100.64965840","คลังสินค้า บริษัท สยามซินดิเคทเทคโนโลยี จำกัด (มหาชน).",,"07:55:10","","","","","","","","","","","","","","Sign-R-LO-26-06-18-0001-psgnc.jpg",,,,"LO-2262 จตุพล","0","1","1","1","0",""
"LO-26-06-18-0005","RECEIVED","Jidapa - Sofia Madsalae", 18/06/2026 ,"15:22:43","เลขที่ 1122/17 หมู่ที่ 6    ต.แพรกษา อ.เมืองสมุทรปราการ จ.สมุทรปราการ 10280","พ-00000835","บริษัท พรีเซียส เอ็นจิเนียริ่ง จำกัด","เลขที่ 1122/17 หมู่ที่ 6    ต.แพรกษา อ.เมืองสมุทรปราการ จ.สมุทรปราการ 10280",,,,,,"0","00:00:00", 19/06/2026 ,"17:00:00","พ-00000835",,,"บริษัท พรีเซียส เอ็นจิเนียริ่ง จำกัด",,"","Deliver","","0632072262",,,,,,"38/5 (Warehouse No. J4, J5 and J5/1), Moo 18, ตำบล บึงคำพร้อย อำเภอลำลูกกา ปทุมธานี 12150 ไทย", 19/06/2026 07:55:07 ,"13.7998143,100.6496424", 19/06/2026 07:55:57 ,"13.7997036,100.6496912", 19/06/2026 , 19/06/2026 ,"09:00:00","P00007233","13.79974560","100.64965840","คลังสินค้า บริษัท สยามซินดิเคทเทคโนโลยี จำกัด (มหาชน).",,"07:55:10","","","","","","","","","","","","","","Sign-R-LO-26-06-18-0001-psgnc.jpg",,,,"LO-2262 จตุพล","0","1","1","1","0",""
"LO-26-06-18-0006","OPEN","Jidapa - Sofia Madsalae", 18/06/2026 ,"15:23:18","400  ถ.ประชาชื่น  แขวงทุ่งสองห้อง เขตหลักสี่ กรุงเทพฯ 10210","ก-00000005"," การประปานครหลวง","The Rest Prachachuen 82/841 ถนน ประชาชื่น แขวง ลาดยาว เขต จตุจักร กรุงเทพมหานคร 10900 ประเทศไทย",,,,,,"0","00:00:00", 19/06/2026 ,"17:00:00","P00001673",,,"การประปานครหลวง - คลังพัสดุกลาง",,"","Deliver","","0655177831",,,,,,"38/5 (Warehouse No. J4, J5 and J5/1), Moo 18, ตำบล บึงคำพร้อย อำเภอลำลูกกา ปทุมธานี 12150 ไทย",,,,,, 19/06/2026 ,"09:00:00","P00007233",,,"คลังสินค้า บริษัท สยามซินดิเคทเทคโนโลยี จำกัด (มหาชน).",,"","","","","","","","","","","","","","",,,,,"LO-7831 พายัพ 610725","0","1","1","0","0",""
"LO-26-06-18-0007","OPEN","Jidapa - Sofia Madsalae", 18/06/2026 ,"15:24:04","59, 61, 63  ซอยโชคชัย 4  ซอย 84 ถนนโชคชัย 4 แขวงลาดพร้าว เขตลาดพร้าว กรุงเทพฯ 10230","ม-00000068","บริษัท แมสเทค ลิ้งค์ จำกัด","59, 61, 63  ซอยโชคชัย 4  ซอย 84 ถนนโชคชัย 4 แขวงลาดพร้าว เขตลาดพร้าว กรุงเทพฯ 10230",,,,,,"0","00:00:00", 19/06/2026 ,"17:00:00","ม-00000068",,,"บริษัท แมสเทค ลิ้งค์ จำกัด",,"","Deliver","","0655177831",,,,,,"38/5 (Warehouse No. J4, J5 and J5/1), Moo 18, ตำบล บึงคำพร้อย อำเภอลำลูกกา ปทุมธานี 12150 ไทย",,,,,, 19/06/2026 ,"09:00:00","P00007233",,,"คลังสินค้า บริษัท สยามซินดิเคทเทคโนโลยี จำกัด (มหาชน).",,"","","","","","","","","","","","","","",,,,,"LO-7831 พายัพ 610725","0","1","1","0","0",""
"LO-26-06-18-0008","RECEIVED","Jidapa - Sofia Madsalae", 18/06/2026 ,"15:24:49","","C00000013","อาคาร SST นวมินทร์ 54","999 หมู่ 6 ถ.นวมินทร์ แขวง คลองกุ่ม เขต บึงกุ่ม กรุงเทพมหานคร ประเทศไทย",,,,,,"0","00:00:00", 19/06/2026 ,"17:00:00","P00000034",,,"อาคาร SST นวมินทร์ 54",,"","Deliver","","0632072262",,,,,,"999 หมู่ 6 ถ.นวมินทร์ แขวง คลองกุ่ม เขต บึงกุ่ม กรุงเทพมหานคร ประเทศไทย", 19/06/2026 07:55:01 ,"13.7998142,100.6496236", 19/06/2026 07:55:57 ,"13.7997036,100.6496912", 19/06/2026 , 19/06/2026 ,"17:00:00","P00000034","13.79981430","100.64964240","อาคาร SST นวมินทร์ 54",,"07:55:04","","","","","","","","","","","","","","Sign-R-LO-26-06-18-0008-tx6ly.jpg",,,,"LO-2262 จตุพล","0","1","1","1","0",""
"LO-26-06-18-0009","RECEIVED","Jidapa - Sofia Madsalae", 18/06/2026 ,"15:25:04","","C00000013","อาคาร SST นวมินทร์ 54","999 หมู่ 6 ถ.นวมินทร์ แขวง คลองกุ่ม เขต บึงกุ่ม กรุงเทพมหานคร ประเทศไทย",,,,,,"0","00:00:00", 19/06/2026 ,"17:00:00","P00000034",,,"อาคาร SST นวมินทร์ 54",,"","Deliver","","0655177831",,,,,,"999 หมู่ 6 ถ.นวมินทร์ แขวง คลองกุ่ม เขต บึงกุ่ม กรุงเทพมหานคร ประเทศไทย", 19/06/2026 08:23:11 ,"13.7995349,100.6497548", 19/06/2026 08:23:44 ,"13.7995389,100.6497545", 19/06/2026 , 19/06/2026 ,"17:00:00","P00000034","13.79953680","100.64975300","อาคาร SST นวมินทร์ 54",,"08:23:14","","","","","","","","","","","","","","Sign-R-LO-26-06-18-0009-scdub.jpg",,,,"LO-7831 พายัพ 610725","0","1","1","1","0",""
"ESS-26-06-18-0007","OPEN","Ranida Noothong", 18/06/2026 ,"15:25:54","20/11 หมู่ 2 ถ.งามวงศ์วาน  ต.บางเขน อ.เมืองนนทบุรี จ.นนทบุรี 11000","ท-00000076","บริษัท ไทยมารูกิ จำกัด","20/11 หมู่ 2 ถ.งามวงศ์วาน  ต.บางเขน อ.เมืองนนทบุรี จ.นนทบุรี 11000",,,,,,"0","00:00:00", 19/06/2026 ,"21:00:00","ท-00000076",,,"บริษัท ไทยมารูกิ จำกัด",,"","Deliver","","0655177832",,,,,,"ป้ายรถประจำทาง หมู่บ้านสินธานี แขวง นวมินทร์ เขต บึงกุ่ม กรุงเทพมหานคร 10240 ประเทศไทย",,,,,, 19/06/2026 ,"08:00:00","P00000020",,,"ห้องช่าง EE/S ตึกขาว",,"","SAO-ESA2-2026-0100","","","","RNN","","มีค่าใช้จ่าย ","","","","","","",,,,,"EE/SV - วิชิต","0","1","1","0","0",""
"EPF-26-06-18-0002(8)","OPEN","Benjamas ", 18/06/2026 ,"16:27:46","","C00002777","อาคารสวัสดิการสหกรณ์ออมทรัพย์ไทย","อาคารสวัสดิการสหกรณ์ออมทรัพย์ไทย ชั้น 2 199 สสอ.รท 8 ถ. นครอินทร์ ตำบล บางสีทอง อำเภอบางกรวย นนทบุรี 11130 ประเทศไทย",,,,,,"0","00:00:00", 19/06/2026 ,"21:00:00","P00008544",,,"อาคารสวัสดิการสหกรณ์ออมทรัพย์ไทย",,"","Deliver","","0632072237",,,,,,"ป้ายรถประจำทาง หมู่บ้านสินธานี แขวง นวมินทร์ เขต บึงกุ่ม กรุงเทพมหานคร 10240 ประเทศไทย",,,,,, 19/06/2026 ,"08:00:00","P00000020",,,"ห้องช่าง EE/S ตึกขาว",,"","JOQ-EPM-2026-0549","","","","CKS","","","","","","","","",,,,,"EE/SV - ทวีศักดิ์","0","1","1","0","0",""
"ESS-26-06-05-0003(1)","OPEN","Benjamas ", 18/06/2026 ,"16:28:22","300/3 หมู่ 1   ต.ตาสิทธิ์ อ.ปลวกแดง จ.ระยอง 21140","ม-00000144","บริษัท แม็กซิส อินเตอร์เนชั่นแนล (ประเทศไทย) จำกัด (ม-00000144-1)","300/3 หมู่ 1   ต.ตาสิทธิ์ อ.ปลวกแดง จ.ระยอง 21140",,,,,,"0","00:00:00", 19/06/2026 ,"21:00:00","ม-00000144",,,"บริษัท แม็กซิส อินเตอร์เนชั่นแนล (ประเทศไทย) จำกัด (ม-00000144-1)",,"","Deliver","","0632072240",,,,,,"ป้ายรถประจำทาง หมู่บ้านสินธานี แขวง นวมินทร์ เขต บึงกุ่ม กรุงเทพมหานคร 10240 ประเทศไทย",,,,,, 19/06/2026 ,"08:00:00","P00000020",,,"ห้องช่าง EE/S ตึกขาว",,"","JOB-EPM-2026-0222 (ZZ01)","","","","SCN","","","","","","","","",,,,,"EE/SV - ปิยวัฒน์ ทีเจริญ","0","1","1","0","0",""
"ESS-26-06-18-0008","OPEN","Teerasak.L ", 18/06/2026 ,"22:42:34","","C00001046","บริษัท ดั๊บเบิ้ล เอฟ โปรเฟสชั่นแนล จำกัด (ด-00000538)","เลขที่ 67/78 หมู่ที่ 3 ต.บางน้ำจืด  อ.เมืองสมุทรสาคร จ.สมุทรสาคร 74000",,,,,,"0","00:00:00", 19/06/2026 ,"21:00:00","P00003626",,,"บริษัท ดั๊บเบิ้ล เอฟ โปรเฟสชั่นแนล จำกัด (ด-00000538)",,"","Deliver","","0632072238",,,,,,"ป้ายรถประจำทาง หมู่บ้านสินธานี แขวง นวมินทร์ เขต บึงกุ่ม กรุงเทพมหานคร 10240 ประเทศไทย",,,,,, 19/06/2026 ,"08:00:00","P00000020",,,"ห้องช่าง EE/S ตึกขาว",,"","SAO-ESA-2026-0044","","","","TRL","","ไม่คิดค่าใช้จ่าย","","","","","","",,,,,"EE/SV - สุรเดช","0","1","1","0","0",""
"ESS-26-06-18-0009","OPEN","Teerasak.L ", 18/06/2026 ,"22:48:24","ห้อง 1001-3 ชั้น 10 อาคารเลิศปัญญา เลขที่ 41 ซ.เลิศปัญญา  ถ.ศรีอยุธยา แขวงถนนพญาไท เขตราชเทวี กรุงเทพฯ 10400","ค-00000271","บริษัท คินเดน (ประเทศไทย) จำกัด","ห้อง 1001-3 ชั้น 10 อาคารเลิศปัญญา เลขที่ 41 ซ.เลิศปัญญา  ถ.ศรีอยุธยา แขวงถนนพญาไท เขตราชเทวี กรุงเทพฯ 10400",,,,,,"0","00:00:00", 19/06/2026 ,"21:00:00","P00003017",,,"บริษัท คินเดน (ประเทศไทย) จำกัด.",,"","Deliver","","0632072236",,,,,,"ป้ายรถประจำทาง หมู่บ้านสินธานี แขวง นวมินทร์ เขต บึงกุ่ม กรุงเทพมหานคร 10240 ประเทศไทย",,,,,, 19/06/2026 ,"08:00:00","P00000020",,,"ห้องช่าง EE/S ตึกขาว",,"","SAO-ESA2-2026-0161","","","","TRL","","คิดค่าใช้จ่าย","","","","","","",,,,,"EE/SV - วิวัฒน์","0","1","1","0","0",""
"ESS-26-06-19-0001","OPEN","Parinda ", 19/06/2026 ,"08:22:59","ห้อง 1001-3 ชั้น 10 อาคารเลิศปัญญา เลขที่ 41 ซ.เลิศปัญญา  ถ.ศรีอยุธยา แขวงถนนพญาไท เขตราชเทวี กรุงเทพฯ 10400","ค-00000271","บริษัท คินเดน (ประเทศไทย) จำกัด","ห้อง 1001-3 ชั้น 10 อาคารเลิศปัญญา เลขที่ 41 ซ.เลิศปัญญา  ถ.ศรีอยุธยา แขวงถนนพญาไท เขตราชเทวี กรุงเทพฯ 10400",,,,,,"0","00:00:00", 19/06/2026 ,"21:00:00","ค-00000271",,,"บริษัท คินเดน (ประเทศไทย) จำกัด",,"","Deliver","","0632072245",,,,,,"ป้ายรถประจำทาง หมู่บ้านสินธานี แขวง นวมินทร์ เขต บึงกุ่ม กรุงเทพมหานคร 10240 ประเทศไทย",,,,,, 19/06/2026 ,"08:00:00","P00000020",,,"ห้องช่าง EE/S ตึกขาว",,"","SAO-ESA2-2026-0161","","","","TRL","","","","","","","","",,,,,"EE/SV - วัชระ","0","1","1","0","0",""
"EPF-26-06-10-0005(17)","OPEN","Benjamas ", 19/06/2026 ,"08:46:13","เลขที่ 104  ถนนคุ้มเกล้า   แขวงแสนแสบ เขตมีนบุรี กรุงเทพมหานคร 10510","ท-00000490","บริษัท เทอร์โม เทรเซอร์ จำกัด","ตำบล บ้านเก่า อำเภอพานทอง ชลบุรี 20160 ประเทศไทย",,,,,,"0","00:00:00", 21/06/2026 ,"21:00:00","P00008545",,,"Thai NOK RSP Plant",,"","Deliver","","0632072256",,,,,,"ป้ายรถประจำทาง หมู่บ้านสินธานี แขวง นวมินทร์ เขต บึงกุ่ม กรุงเทพมหานคร 10240 ประเทศไทย",,,,,, 19/06/2026 ,"08:00:00","P00000020",,,"ห้องช่าง EE/S ตึกขาว",,"","JOQ-EPM-2026-0529","","","","WRR","","","","","","","","",,,,,"EE/PM - วรพันธุ์ ","0","1","1","0","0",""
